USE HuskyLeague;

-- Disable FK checks during bulk insert to avoid ordering issues
SET FOREIGN_KEY_CHECKS = 0;

-- League: 35 rows
INSERT INTO League (id, season, skill_level, registration_start, registration_end, rules, status, schedule_type, roster_limit, division_tier, sport, league_name) VALUES
(1, 2026, 'Intermediate', '2026-01-05 09:00:00', '2026-01-20 23:59:00', 'Standard intramural soccer rules apply. No slide tackling. Sportsmanship required.', 'Active', 'Elimination', 10, 2, 'Soccer', 'Spring Soccer Intermediates 2026'),
(2, 2026, 'Beginner', '2026-01-09 09:00:00', '2026-01-18 23:59:00', 'Standard intramural soccer rules apply. No slide tackling. Sportsmanship required.', 'Active', 'Round Robin', 16, 3, 'Soccer', 'Spring Soccer Beginners 2026'),
(3, 2026, 'Advanced', '2026-01-04 09:00:00', '2026-01-23 23:59:00', 'Standard intramural soccer rules apply. No slide tackling. Sportsmanship required.', 'Active', 'Round Robin', 16, 1, 'Soccer', 'Spring Soccer Advanceds 2026'),
(4, 2026, 'Beginner', '2026-01-06 09:00:00', '2026-01-18 23:59:00', 'Standard intramural basketball rules. 5-on-5 format. No dunking on breakaway.', 'Active', 'Round Robin', 14, 3, 'Basketball', 'Spring Basketball Beginners 2026'),
(5, 2026, 'Intermediate', '2026-01-09 09:00:00', '2026-01-19 23:59:00', 'Standard intramural basketball rules. 5-on-5 format. No dunking on breakaway.', 'Active', 'Round Robin', 8, 2, 'Basketball', 'Spring Basketball Intermediates 2026'),
(6, 2026, 'Advanced', '2026-01-09 09:00:00', '2026-01-18 23:59:00', 'Standard intramural basketball rules. 5-on-5 format. No dunking on breakaway.', 'Active', 'Round Robin', 10, 1, 'Basketball', 'Spring Basketball Advanceds 2026'),
(7, 2026, 'Beginner', '2026-01-03 09:00:00', '2026-01-24 23:59:00', 'Rally scoring to 25. Best of 3 sets. Let serves permitted.', 'Active', 'Round Robin', 10, 3, 'Volleyball', 'Spring Volleyball Beginners 2026'),
(8, 2026, 'Intermediate', '2026-01-03 09:00:00', '2026-01-20 23:59:00', 'Rally scoring to 25. Best of 3 sets. Let serves permitted.', 'Active', 'Elimination', 14, 2, 'Volleyball', 'Spring Volleyball Intermediates 2026'),
(9, 2026, 'Advanced', '2026-01-05 09:00:00', '2026-01-19 23:59:00', 'Rally scoring to 25. Best of 3 sets. Let serves permitted.', 'Active', 'Elimination', 16, 1, 'Volleyball', 'Spring Volleyball Advanceds 2026'),
(10, 2026, 'Intermediate', '2026-01-05 09:00:00', '2026-01-19 23:59:00', '7-on-7 flag football. No blocking below the waist. Two-hand touch on QB.', 'Active', 'Round Robin', 12, 2, 'Flag Football', 'Spring Flag Football Intermediates 2026'),
(11, 2026, 'Beginner', '2026-01-04 09:00:00', '2026-01-19 23:59:00', 'Slow-pitch softball rules. 7 innings. Mercy rule after 5 innings at 15 runs.', 'Active', 'Round Robin', 16, 3, 'Softball', 'Spring Softball Beginners 2026'),
(12, 2026, 'Intermediate', '2026-01-06 09:00:00', '2026-01-25 23:59:00', 'Standard USAU rules. Self-officiating. Game to 15 points.', 'Active', 'Elimination', 12, 2, 'Ultimate Frisbee', 'Spring Ultimate Frisbee Intermediates 2026'),
(13, 2026, 'Advanced', '2026-01-10 09:00:00', '2026-01-25 23:59:00', 'USTA rules. Best of 3 sets. Tiebreakers at 6-6.', 'Active', 'Elimination', 12, 1, 'Tennis', 'Spring Tennis Advanceds 2026'),
(14, 2026, 'Beginner', '2026-01-06 09:00:00', '2026-01-20 23:59:00', '6-on-6 format. No headshots. Catch rule in effect.', 'Active', 'Round Robin', 8, 3, 'Dodgeball', 'Spring Dodgeball Beginners 2026'),
(15, 2026, 'Intermediate', '2026-01-07 09:00:00', '2026-01-25 23:59:00', 'Ball hockey rules. 5-on-5 plus goalie. No slap shots.', 'Active', 'Elimination', 14, 2, 'Hockey', 'Spring Hockey Intermediates 2026'),
(16, 2026, 'Beginner', '2026-01-07 09:00:00', '2026-01-19 23:59:00', 'BWF rules. Best of 3 games to 21 points.', 'Active', 'Round Robin', 16, 3, 'Badminton', 'Spring Badminton Beginners 2026'),
(17, 2026, 'Advanced', '2026-01-09 09:00:00', '2026-01-20 23:59:00', 'BWF rules. Best of 3 games to 21 points.', 'Active', 'Elimination', 10, 1, 'Badminton', 'Spring Badminton Advanceds 2026'),
(18, 2026, 'Intermediate', '2026-03-22 09:00:00', '2026-04-11 23:59:00', 'Standard intramural soccer rules apply. No slide tackling. Sportsmanship required.', 'Pending', 'Round Robin', 8, 2, 'Soccer', 'Spring Soccer Intermediates 2026'),
(19, 2026, 'Beginner', '2026-03-23 09:00:00', '2026-04-14 23:59:00', 'Standard intramural basketball rules. 5-on-5 format. No dunking on breakaway.', 'Pending', 'Elimination', 12, 3, 'Basketball', 'Spring Basketball Beginners 2026'),
(20, 2026, 'Beginner', '2026-03-20 09:00:00', '2026-04-14 23:59:00', 'Rally scoring to 25. Best of 3 sets. Let serves permitted.', 'Pending', 'Elimination', 16, 3, 'Volleyball', 'Spring Volleyball Beginners 2026'),
(21, 2026, 'Intermediate', '2026-03-22 09:00:00', '2026-04-06 23:59:00', 'Slow-pitch softball rules. 7 innings. Mercy rule after 5 innings at 15 runs.', 'Pending', 'Round Robin', 12, 2, 'Softball', 'Spring Softball Intermediates 2026'),
(22, 2026, 'Beginner', '2026-03-22 09:00:00', '2026-04-15 23:59:00', 'USTA rules. Best of 3 sets. Tiebreakers at 6-6.', 'Pending', 'Round Robin', 8, 3, 'Tennis', 'Spring Tennis Beginners 2026'),
(23, 2025, 'Intermediate', '2025-08-05 09:00:00', '2025-08-19 23:59:00', 'Standard intramural soccer rules apply. No slide tackling. Sportsmanship required.', 'Finished', 'Elimination', 14, 2, 'Soccer', 'Fall Soccer Intermediates 2025'),
(24, 2025, 'Advanced', '2025-08-06 09:00:00', '2025-08-12 23:59:00', 'Standard intramural basketball rules. 5-on-5 format. No dunking on breakaway.', 'Finished', 'Elimination', 12, 1, 'Basketball', 'Fall Basketball Advanceds 2025'),
(25, 2025, 'Beginner', '2025-08-03 09:00:00', '2025-08-13 23:59:00', 'Rally scoring to 25. Best of 3 sets. Let serves permitted.', 'Finished', 'Elimination', 8, 3, 'Volleyball', 'Fall Volleyball Beginners 2025'),
(26, 2025, 'Beginner', '2025-08-04 09:00:00', '2025-08-16 23:59:00', '7-on-7 flag football. No blocking below the waist. Two-hand touch on QB.', 'Finished', 'Round Robin', 10, 3, 'Flag Football', 'Fall Flag Football Beginners 2025'),
(27, 2025, 'Advanced', '2025-08-07 09:00:00', '2025-08-18 23:59:00', 'Ball hockey rules. 5-on-5 plus goalie. No slap shots.', 'Finished', 'Elimination', 8, 1, 'Hockey', 'Fall Hockey Advanceds 2025'),
(28, 2025, 'Beginner', '2025-01-05 09:00:00', '2025-01-25 23:59:00', 'Standard intramural soccer rules apply. No slide tackling. Sportsmanship required.', 'Finished', 'Elimination', 16, 3, 'Soccer', 'Spring Soccer Beginners 2025'),
(29, 2025, 'Beginner', '2025-01-07 09:00:00', '2025-01-20 23:59:00', 'Standard intramural basketball rules. 5-on-5 format. No dunking on breakaway.', 'Finished', 'Elimination', 16, 3, 'Basketball', 'Spring Basketball Beginners 2025'),
(30, 2025, 'Beginner', '2025-01-07 09:00:00', '2025-01-24 23:59:00', 'Standard USAU rules. Self-officiating. Game to 15 points.', 'Finished', 'Elimination', 14, 3, 'Ultimate Frisbee', 'Spring Ultimate Frisbee Beginners 2025'),
(31, 2025, 'Intermediate', '2025-01-06 09:00:00', '2025-01-20 23:59:00', 'USTA rules. Best of 3 sets. Tiebreakers at 6-6.', 'Finished', 'Round Robin', 10, 2, 'Tennis', 'Spring Tennis Intermediates 2025'),
(32, 2025, 'Intermediate', '2025-01-05 09:00:00', '2025-01-21 23:59:00', '6-on-6 format. No headshots. Catch rule in effect.', 'Finished', 'Round Robin', 8, 2, 'Dodgeball', 'Spring Dodgeball Intermediates 2025'),
(33, 2025, 'Advanced', '2025-01-10 09:00:00', '2025-01-20 23:59:00', 'Slow-pitch softball rules. 7 innings. Mercy rule after 5 innings at 15 runs.', 'Finished', 'Elimination', 12, 1, 'Softball', 'Spring Softball Advanceds 2025'),
(34, 2025, 'Intermediate', '2025-01-03 09:00:00', '2025-01-20 23:59:00', 'BWF rules. Best of 3 games to 21 points.', 'Finished', 'Elimination', 16, 2, 'Badminton', 'Spring Badminton Intermediates 2025'),
(35, 2025, 'Advanced', '2025-01-08 09:00:00', '2025-01-23 23:59:00', 'Rally scoring to 25. Best of 3 sets. Let serves permitted.', 'Finished', 'Round Robin', 16, 1, 'Volleyball', 'Spring Volleyball Advanceds 2025');

-- Player: 40 rows
INSERT INTO Player (id, first_name, last_name, email, phone, university, notification_pref, graduation_year) VALUES
(1, 'Maya', 'Chen', 'maya.chen@husky.neu.edu', '617-555-0101', 'Northeastern University', 'Subscribed', 2027),
(2, 'Allan', 'Martinez', 'allan.martinez@husky.neu.edu', '617-555-0102', 'Northeastern University', 'Subscribed', 2026),
(3, 'Jordan', 'Blake', 'jordan.blake@husky.neu.edu', '617-555-0303', 'Northeastern University', 'Unsubscribed', 2025),
(4, 'Priya', 'Nair', 'priya.nair@husky.neu.edu', '617-555-0104', 'Northeastern University', 'Subscribed', 2024),
(5, 'Violet', 'Brown', 'violet.brown@husky.neu.edu', '617-555-8481', 'Emerson College', 'Subscribed', 2029),
(6, 'Luke', 'Carter', 'luke.carter@husky.neu.edu', '617-555-7536', 'Northeastern University', 'Subscribed', 2028),
(7, 'Noah', 'Perez', 'noah.perez@husky.neu.edu', '617-555-2103', 'Suffolk University', 'Subscribed', 2025),
(8, 'Camila', 'Brown', 'camila.brown@husky.neu.edu', '617-555-2677', 'Northeastern University', 'Subscribed', 2025),
(9, 'Wyatt', 'Williams', 'wyatt.williams@husky.neu.edu', '617-555-2152', 'Tufts University', 'Subscribed', 2026),
(10, 'Aurora', 'Robinson', 'aurora.robinson@husky.neu.edu', '617-555-6691', 'Boston University', 'Subscribed', 2025),
(11, 'Julian', 'Fischer', 'julian.fischer@husky.neu.edu', '617-555-8870', 'Northeastern University', 'Subscribed', 2025),
(12, 'Camila', 'Walker', 'camila.walker@husky.neu.edu', '617-555-8841', 'Boston College', 'Subscribed', 2025),
(13, 'Emily', 'Khan', 'emily.khan@husky.neu.edu', '617-555-6926', 'Northeastern University', 'Subscribed', 2025),
(14, 'Ellie', 'Scott', 'ellie.scott@husky.neu.edu', '617-555-2491', 'MIT', 'Subscribed', 2027),
(15, 'Elijah', 'Nelson', 'elijah.nelson@husky.neu.edu', '617-555-4650', 'Northeastern University', 'Subscribed', 2027),
(16, 'Aurora', 'Sanchez', 'aurora.sanchez@husky.neu.edu', '617-555-4197', 'Boston College', 'Unsubscribed', 2026),
(17, 'Jacob', 'Ali', 'jacob.ali@husky.neu.edu', '617-555-9073', 'Northeastern University', 'Subscribed', 2025),
(18, 'Victoria', 'Weber', 'victoria.weber@husky.neu.edu', '617-555-5246', 'Northeastern University', 'Subscribed', 2027),
(19, 'Eleanor', 'Adams', 'eleanor.adams@husky.neu.edu', '617-555-6974', 'Northeastern University', 'Subscribed', 2028),
(20, 'Jacob', 'Green', 'jacob.green@husky.neu.edu', '617-555-4348', 'Northeastern University', 'Unsubscribed', 2029),
(21, 'Marcus', 'Meyer', 'marcus.meyer@husky.neu.edu', '617-555-6636', 'Boston College', 'Subscribed', 2025),
(22, 'Riley', 'Thompson', 'riley.thompson@husky.neu.edu', '617-555-8832', 'Emerson College', 'Subscribed', 2027),
(23, 'Lucas', 'Carter', 'lucas.carter@husky.neu.edu', '617-555-8588', 'Northeastern University', 'Unsubscribed', 2026),
(24, 'Elijah', 'Wilson', 'elijah.wilson@husky.neu.edu', '617-555-1451', 'Northeastern University', 'Unsubscribed', 2026),
(25, 'Nathan', 'Weber', 'nathan.weber@husky.neu.edu', '617-555-6741', 'Northeastern University', 'Subscribed', 2025),
(26, 'Jordan', 'Hernandez', 'jordan.hernandez@husky.neu.edu', '617-555-9627', 'Harvard University', 'Subscribed', 2026),
(27, 'William', 'Williams', 'william.williams@husky.neu.edu', '617-555-5126', 'Northeastern University', 'Subscribed', 2029),
(28, 'Chloe', 'Walker', 'chloe.walker@husky.neu.edu', '617-555-9918', 'Northeastern University', 'Subscribed', 2027),
(29, 'Isaac', 'Ali', 'isaac.ali@husky.neu.edu', '617-555-7891', 'Boston College', 'Unsubscribed', 2026),
(30, 'Joshua', 'Taylor', 'joshua.taylor@husky.neu.edu', '617-555-9577', 'Northeastern University', 'Unsubscribed', 2026),
(31, 'Hazel', 'Rivera', 'hazel.rivera@husky.neu.edu', '617-555-3454', 'Northeastern University', 'Subscribed', 2025),
(32, 'Natalie', 'Jones', 'natalie.jones@husky.neu.edu', '617-555-6340', 'MIT', 'Subscribed', 2028),
(33, 'Mason', 'Jones', 'mason.jones@husky.neu.edu', '617-555-5071', 'Northeastern University', 'Subscribed', 2025),
(34, 'Levi', 'Kumar', 'levi.kumar@husky.neu.edu', '617-555-1456', 'Harvard University', 'Unsubscribed', 2028),
(35, 'Chloe', 'Sullivan', 'chloe.sullivan@husky.neu.edu', '617-555-9391', 'Northeastern University', 'Subscribed', 2029),
(36, 'Joshua', 'Meyer', 'joshua.meyer@husky.neu.edu', '617-555-9319', 'Emerson College', 'Subscribed', 2027),
(37, 'Natalie', 'Thompson', 'natalie.thompson@husky.neu.edu', '617-555-8332', 'Northeastern University', 'Subscribed', 2028),
(38, 'Samuel', 'Miller', 'samuel.miller@husky.neu.edu', '617-555-4942', 'Northeastern University', 'Subscribed', 2027),
(39, 'Logan', 'Taylor', 'logan.taylor@husky.neu.edu', '617-555-6999', 'Northeastern University', 'Unsubscribed', 2028),
(40, 'Ella', 'Martinez', 'ella.martinez@husky.neu.edu', '617-555-7525', 'Tufts University', 'Subscribed', 2026);

-- Venue: 30 rows
INSERT INTO Venue (id, address, sport_type, capacity, name) VALUES
(1, '360 Huntington Ave, Boston, MA 02115', 'Soccer', 100, 'Parsons Field'),
(2, '477 Columbus Ave, Boston, MA 02118', 'Soccer', 250, 'Carter Field'),
(3, '145 Ipswich St, Boston, MA 02215', 'Soccer', 250, 'Roberto Clemente Field'),
(4, '30 Glen Rd, Jamaica Plain, MA 02130', 'Soccer', 200, 'Jamaica Plain Sports Field'),
(5, '139 Tremont St, Boston, MA 02111', 'Soccer', 250, 'Boston Common Athletic Field'),
(6, '219 St. Botolph St - Court A, Boston, MA 02115', 'Basketball', 120, 'Cabot Gym Court A'),
(7, '219 St. Botolph St - Court B, Boston, MA 02115', 'Basketball', 200, 'Cabot Gym Court B'),
(8, '238 St Botolph St, Boston, MA 02115', 'Basketball', 200, 'Matthews Arena'),
(9, '915 Commonwealth Ave, Boston, MA 02215', 'Basketball', 75, 'BU FitRec Arena'),
(10, '776 Washington St, Dorchester, MA 02124', 'Basketball', 200, 'Dorchester YMCA Courts'),
(11, '40 Leon St - Volleyball Court, Boston, MA 02115', 'Volleyball', 50, 'Marino Rec Volleyball Court'),
(12, '40 Leon St - Gym B, Boston, MA 02115', 'Volleyball', 200, 'Marino Center Gym B'),
(13, '51 Willow St, Cambridge, MA 02141', 'Volleyball', 300, 'Cambridge Recreation Center'),
(14, '167 Holland St, Somerville, MA 02144', 'Volleyball', 300, 'Somerville Community Gym'),
(15, '79 North Harvard St, Allston, MA 02134', 'Flag Football', 50, 'Harvard Stadium Annex'),
(16, '4 Jersey St, Boston, MA 02215', 'Flag Football', 250, 'Fenway Park Community Field'),
(17, '20 Jersey St, Boston, MA 02215', 'Softball', 200, 'Fenway Park Outer Field'),
(18, '50 Western Ave, Brighton, MA 02135', 'Softball', 150, 'Brighton Sports Complex'),
(19, '131 Charles St, Boston, MA 02114', 'Ultimate Frisbee', 75, 'Charlesbank Playground'),
(20, '492 Waltham St, Newton, MA 02465', 'Ultimate Frisbee', 75, 'Newton Rec Center'),
(21, 'William J Day Blvd, Boston, MA 02127', 'Tennis', 120, 'Carson Beach Courts'),
(22, '311 Arsenal St, Watertown, MA 02472', 'Tennis', 75, 'Watertown Sports Arena'),
(23, '795 Columbus Ave, Boston, MA 02120', 'Dodgeball', 75, 'Badger & Rosen SquashBusters'),
(24, '16 George St, Medford, MA 02155', 'Dodgeball', 150, 'Medford Athletic Center'),
(25, '164 Winnisimmet St, Chelsea, MA 02150', 'Hockey', 150, 'Chelsea Community Field'),
(26, '300 Revere Beach Blvd, Revere, MA 02151', 'Hockey', 50, 'Revere Beach Courts'),
(27, '110 Willow St, Lynn, MA 01901', 'Badminton', 100, 'Lynn Athletic Arena'),
(28, '75 Quincy Ave, Quincy, MA 02169', 'Badminton', 150, 'Quincy Sports Park'),
(29, '12 Pleasant St, Malden, MA 02148', 'Soccer', 100, 'Malden Rec Fields'),
(30, '100 Chelsea St, Everett, MA 02149', 'Basketball', 250, 'Everett Sports Complex');

-- Team: 79 rows
INSERT INTO Team (id, name, status, captain_id, league_id) VALUES
(1, 'Red Storm', 'Active', 2, 1),
(2, 'Gold Spikers', 'Active', 5, 8),
(3, 'Mighty Wolves', 'Active', 18, 1),
(4, 'Iron Rebels', 'Active', 36, 1),
(5, 'Eastern Hawks', 'Active', 33, 1),
(6, 'Blue Warriors', 'Active', 18, 2),
(7, 'Thunder Spikers', 'Active', 12, 2),
(8, 'Rising Spikers', 'Active', 2, 3),
(9, 'Gold Crushers', 'Active', 17, 3),
(10, 'Crimson Mavericks', 'Active', 5, 4),
(11, 'Lightning Storm', 'Active', 8, 4),
(12, 'Thunder Falcons', 'Active', 36, 5),
(13, 'Black Thunder', 'Active', 40, 5),
(14, 'Green Falcons', 'Active', 8, 6),
(15, 'Green Tigers', 'Active', 4, 6),
(16, 'Iron Pioneers', 'Active', 20, 7),
(17, 'Emerald Knights', 'Active', 14, 7),
(18, 'Wild Warriors', 'Active', 18, 8),
(19, 'Blue Storm', 'Active', 17, 9),
(20, 'Urban Titans', 'Active', 2, 9),
(21, 'Shadow Lions', 'Active', 33, 10),
(22, 'Silver Rockets', 'Active', 29, 10),
(23, 'Steel Wizards', 'Active', 32, 11),
(24, 'Iron Panthers', 'Active', 26, 11),
(25, 'Orange Hawks', 'Active', 14, 11),
(26, 'Mighty Bears', 'Active', 9, 12),
(27, 'Black Storm', 'Active', 4, 12),
(28, 'Thunder Eagles', 'Active', 17, 13),
(29, 'Gold Rockets', 'Active', 4, 13),
(30, 'Northern Panthers', 'Active', 33, 14),
(31, 'Orange Comets', 'Active', 39, 14),
(32, 'Blue Knights', 'Active', 19, 14),
(33, 'Crimson Knights', 'Active', 11, 15),
(34, 'Crimson Bears', 'Active', 1, 15),
(35, 'Fierce Lions', 'Active', 36, 16),
(36, 'Emerald Tigers', 'Active', 3, 16),
(37, 'Red Hawks', 'Active', 12, 17),
(38, 'Gold Vikings', 'Active', 25, 17),
(39, 'Rising Tigers', 'Active', 33, 18),
(40, 'Red Spikers', 'Active', 16, 18),
(41, 'Black Sharks', 'Active', 6, 19),
(42, 'Blue Sharks', 'Active', 38, 19),
(43, 'Emerald Blazers', 'Active', 20, 20),
(44, 'Gold Rebels', 'Active', 15, 20),
(45, 'Mighty Pioneers', 'Active', 39, 21),
(46, 'Urban Vikings', 'Active', 21, 21),
(47, 'Urban Crushers', 'Active', 19, 22),
(48, 'Blue Wizards', 'Active', 10, 22),
(49, 'Black Titans', 'Inactive', 33, 23),
(50, 'Red Wizards', 'Active', 37, 23),
(51, 'Gold Storm', 'Active', 15, 23),
(52, 'Mighty Wizards', 'Active', 7, 24),
(53, 'Rising Storm', 'Active', 4, 24),
(54, 'Crimson Storm', 'Active', 32, 25),
(55, 'Steel Spikers', 'Active', 5, 25),
(56, 'Crimson Warriors', 'Active', 31, 26),
(57, 'Orange Huskies', 'Inactive', 17, 26),
(58, 'Shadow Mavericks', 'Active', 30, 27),
(59, 'Royal Thunder', 'Active', 31, 27),
(60, 'Roaring Wolves', 'Active', 5, 28),
(61, 'Roaring Rebels', 'Active', 20, 28),
(62, 'Shadow Falcons', 'Inactive', 4, 29),
(63, 'Eastern Tigers', 'Active', 7, 29),
(64, 'Eastern Titans', 'Active', 19, 29),
(65, 'Royal Dragons', 'Inactive', 30, 30),
(66, 'Purple Panthers', 'Inactive', 36, 30),
(67, 'Red Panthers', 'Active', 31, 30),
(68, 'Mighty Tigers', 'Inactive', 18, 31),
(69, 'Gold Wolves', 'Active', 14, 31),
(70, 'Wild Wolves', 'Active', 17, 31),
(71, 'Eastern Bears', 'Active', 8, 32),
(72, 'Mighty Storm', 'Active', 32, 32),
(73, 'Mighty Panthers', 'Active', 29, 33),
(74, 'Wild Sharks', 'Active', 27, 33),
(75, 'Royal Hawks', 'Inactive', 22, 33),
(76, 'Eastern Storm', 'Inactive', 13, 34),
(77, 'Gold Sharks', 'Active', 19, 34),
(78, 'Thunder Pioneers', 'Active', 24, 35),
(79, 'Crimson Dragons', 'Active', 4, 35);

-- Venue_Time_Slot: 105 rows
INSERT INTO Venue_Time_Slot (id, venue_id, league_id, slot_date, slot_start_time, slot_end_time, is_available) VALUES
(1, 5, 1, '2026-02-25 00:00:00', '2026-02-25 20:00:00', '2026-02-25 22:00:00', FALSE),
(2, 3, 1, '2026-03-23 00:00:00', '2026-03-23 20:00:00', '2026-03-23 22:00:00', FALSE),
(3, 1, 1, '2026-04-14 00:00:00', '2026-04-14 20:00:00', '2026-04-14 22:00:00', FALSE),
(4, 5, 2, '2026-03-22 00:00:00', '2026-03-22 18:00:00', '2026-03-22 20:00:00', FALSE),
(5, 4, 2, '2026-02-05 00:00:00', '2026-02-05 17:00:00', '2026-02-05 19:00:00', TRUE),
(6, 4, 2, '2026-03-10 00:00:00', '2026-03-10 17:00:00', '2026-03-10 19:00:00', FALSE),
(7, 5, 3, '2026-02-02 00:00:00', '2026-02-02 17:00:00', '2026-02-02 19:00:00', FALSE),
(8, 1, 3, '2026-03-09 00:00:00', '2026-03-09 17:00:00', '2026-03-09 19:00:00', TRUE),
(9, 5, 3, '2026-03-17 00:00:00', '2026-03-17 18:00:00', '2026-03-17 20:00:00', TRUE),
(10, 1, 3, '2026-04-16 00:00:00', '2026-04-16 17:00:00', '2026-04-16 19:00:00', FALSE),
(11, 8, 4, '2026-02-13 00:00:00', '2026-02-13 18:00:00', '2026-02-13 20:00:00', TRUE),
(12, 8, 4, '2026-04-11 00:00:00', '2026-04-11 19:00:00', '2026-04-11 21:00:00', FALSE),
(13, 10, 4, '2026-02-27 00:00:00', '2026-02-27 20:00:00', '2026-02-27 22:00:00', TRUE),
(14, 9, 5, '2026-02-19 00:00:00', '2026-02-19 19:00:00', '2026-02-19 21:00:00', FALSE),
(15, 7, 5, '2026-03-05 00:00:00', '2026-03-05 19:00:00', '2026-03-05 21:00:00', TRUE),
(16, 7, 5, '2026-03-16 00:00:00', '2026-03-16 18:00:00', '2026-03-16 20:00:00', FALSE),
(17, 8, 5, '2026-03-06 00:00:00', '2026-03-06 20:00:00', '2026-03-06 22:00:00', FALSE),
(18, 6, 6, '2026-03-31 00:00:00', '2026-03-31 17:00:00', '2026-03-31 19:00:00', FALSE),
(19, 8, 6, '2026-03-21 00:00:00', '2026-03-21 17:00:00', '2026-03-21 19:00:00', FALSE),
(20, 10, 6, '2026-04-13 00:00:00', '2026-04-13 20:00:00', '2026-04-13 22:00:00', FALSE),
(21, 13, 7, '2026-03-18 00:00:00', '2026-03-18 19:00:00', '2026-03-18 21:00:00', FALSE),
(22, 13, 7, '2026-03-12 00:00:00', '2026-03-12 17:00:00', '2026-03-12 19:00:00', FALSE),
(23, 12, 7, '2026-04-17 00:00:00', '2026-04-17 17:00:00', '2026-04-17 19:00:00', FALSE),
(24, 13, 8, '2026-03-05 00:00:00', '2026-03-05 19:00:00', '2026-03-05 21:00:00', FALSE),
(25, 11, 8, '2026-02-22 00:00:00', '2026-02-22 18:00:00', '2026-02-22 20:00:00', FALSE),
(26, 14, 8, '2026-03-19 00:00:00', '2026-03-19 19:00:00', '2026-03-19 21:00:00', FALSE),
(27, 12, 8, '2026-03-28 00:00:00', '2026-03-28 18:00:00', '2026-03-28 20:00:00', FALSE),
(28, 11, 9, '2026-01-30 00:00:00', '2026-01-30 17:00:00', '2026-01-30 19:00:00', FALSE),
(29, 13, 9, '2026-02-06 00:00:00', '2026-02-06 19:00:00', '2026-02-06 21:00:00', FALSE),
(30, 16, 10, '2026-04-09 00:00:00', '2026-04-09 18:00:00', '2026-04-09 20:00:00', FALSE),
(31, 16, 10, '2026-02-13 00:00:00', '2026-02-13 18:00:00', '2026-02-13 20:00:00', TRUE),
(32, 15, 10, '2026-02-12 00:00:00', '2026-02-12 20:00:00', '2026-02-12 22:00:00', TRUE),
(33, 17, 11, '2026-02-27 00:00:00', '2026-02-27 20:00:00', '2026-02-27 22:00:00', FALSE),
(34, 17, 11, '2026-01-31 00:00:00', '2026-01-31 19:00:00', '2026-01-31 21:00:00', FALSE),
(35, 18, 11, '2026-04-11 00:00:00', '2026-04-11 20:00:00', '2026-04-11 22:00:00', FALSE),
(36, 17, 11, '2026-01-29 00:00:00', '2026-01-29 17:00:00', '2026-01-29 19:00:00', FALSE),
(37, 19, 12, '2026-03-01 00:00:00', '2026-03-01 18:00:00', '2026-03-01 20:00:00', TRUE),
(38, 19, 12, '2026-01-31 00:00:00', '2026-01-31 18:00:00', '2026-01-31 20:00:00', TRUE),
(39, 19, 12, '2026-04-06 00:00:00', '2026-04-06 20:00:00', '2026-04-06 22:00:00', FALSE),
(40, 22, 13, '2026-02-07 00:00:00', '2026-02-07 19:00:00', '2026-02-07 21:00:00', FALSE),
(41, 22, 13, '2026-04-08 00:00:00', '2026-04-08 17:00:00', '2026-04-08 19:00:00', FALSE),
(42, 24, 14, '2026-02-04 00:00:00', '2026-02-04 20:00:00', '2026-02-04 22:00:00', FALSE),
(43, 23, 14, '2026-02-27 00:00:00', '2026-02-27 18:00:00', '2026-02-27 20:00:00', FALSE),
(44, 23, 14, '2026-03-08 00:00:00', '2026-03-08 19:00:00', '2026-03-08 21:00:00', FALSE),
(45, 26, 15, '2026-04-06 00:00:00', '2026-04-06 19:00:00', '2026-04-06 21:00:00', FALSE),
(46, 25, 15, '2026-02-09 00:00:00', '2026-02-09 17:00:00', '2026-02-09 19:00:00', FALSE),
(47, 25, 15, '2026-02-24 00:00:00', '2026-02-24 18:00:00', '2026-02-24 20:00:00', FALSE),
(48, 27, 16, '2026-03-14 00:00:00', '2026-03-14 19:00:00', '2026-03-14 21:00:00', FALSE),
(49, 28, 16, '2026-04-14 00:00:00', '2026-04-14 20:00:00', '2026-04-14 22:00:00', FALSE),
(50, 27, 16, '2026-01-27 00:00:00', '2026-01-27 20:00:00', '2026-01-27 22:00:00', FALSE),
(51, 28, 17, '2026-02-21 00:00:00', '2026-02-21 20:00:00', '2026-02-21 22:00:00', FALSE),
(52, 27, 17, '2026-04-07 00:00:00', '2026-04-07 18:00:00', '2026-04-07 20:00:00', TRUE),
(53, 1, 18, '2026-04-14 00:00:00', '2026-04-14 18:00:00', '2026-04-14 20:00:00', TRUE),
(54, 2, 18, '2026-04-14 00:00:00', '2026-04-14 17:00:00', '2026-04-14 19:00:00', TRUE),
(55, 30, 19, '2026-04-17 00:00:00', '2026-04-17 17:00:00', '2026-04-17 19:00:00', TRUE),
(56, 6, 19, '2026-04-18 00:00:00', '2026-04-18 18:00:00', '2026-04-18 20:00:00', FALSE),
(57, 10, 19, '2026-04-17 00:00:00', '2026-04-17 20:00:00', '2026-04-17 22:00:00', TRUE),
(58, 7, 19, '2026-04-17 00:00:00', '2026-04-17 17:00:00', '2026-04-17 19:00:00', TRUE),
(59, 11, 20, '2026-04-18 00:00:00', '2026-04-18 20:00:00', '2026-04-18 22:00:00', TRUE),
(60, 11, 20, '2026-04-17 00:00:00', '2026-04-17 19:00:00', '2026-04-17 21:00:00', TRUE),
(61, 14, 20, '2026-04-18 00:00:00', '2026-04-18 17:00:00', '2026-04-18 19:00:00', TRUE),
(62, 13, 20, '2026-04-17 00:00:00', '2026-04-17 19:00:00', '2026-04-17 21:00:00', FALSE),
(63, 18, 21, '2026-04-13 00:00:00', '2026-04-13 17:00:00', '2026-04-13 19:00:00', TRUE),
(64, 17, 21, '2026-04-15 00:00:00', '2026-04-15 17:00:00', '2026-04-15 19:00:00', TRUE),
(65, 17, 21, '2026-04-17 00:00:00', '2026-04-17 18:00:00', '2026-04-17 20:00:00', TRUE),
(66, 17, 21, '2026-04-18 00:00:00', '2026-04-18 19:00:00', '2026-04-18 21:00:00', TRUE),
(67, 21, 22, '2026-04-18 00:00:00', '2026-04-18 21:59:59', '2026-04-18 23:59:59', TRUE),
(68, 22, 22, '2026-04-18 00:00:00', '2026-04-18 20:00:00', '2026-04-18 22:00:00', TRUE),
(69, 4, 23, '2025-10-02 00:00:00', '2025-10-02 19:00:00', '2025-10-02 21:00:00', FALSE),
(70, 5, 23, '2025-09-11 00:00:00', '2025-09-11 18:00:00', '2025-09-11 20:00:00', FALSE),
(71, 7, 24, '2025-10-18 00:00:00', '2025-10-18 18:00:00', '2025-10-18 20:00:00', FALSE),
(72, 9, 24, '2025-08-29 00:00:00', '2025-08-29 17:00:00', '2025-08-29 19:00:00', FALSE),
(73, 30, 24, '2025-10-07 00:00:00', '2025-10-07 17:00:00', '2025-10-07 19:00:00', FALSE),
(74, 11, 25, '2025-09-29 00:00:00', '2025-09-29 19:00:00', '2025-09-29 21:00:00', FALSE),
(75, 13, 25, '2025-08-26 00:00:00', '2025-08-26 20:00:00', '2025-08-26 22:00:00', FALSE),
(76, 14, 25, '2025-10-16 00:00:00', '2025-10-16 17:00:00', '2025-10-16 19:00:00', FALSE),
(77, 15, 26, '2025-09-15 00:00:00', '2025-09-15 18:00:00', '2025-09-15 20:00:00', FALSE),
(78, 16, 26, '2025-09-08 00:00:00', '2025-09-08 20:00:00', '2025-09-08 22:00:00', FALSE),
(79, 15, 26, '2025-09-16 00:00:00', '2025-09-16 18:00:00', '2025-09-16 20:00:00', FALSE),
(80, 25, 27, '2025-09-28 00:00:00', '2025-09-28 17:00:00', '2025-09-28 19:00:00', FALSE),
(81, 26, 27, '2025-10-01 00:00:00', '2025-10-01 19:00:00', '2025-10-01 21:00:00', FALSE),
(82, 25, 27, '2025-10-19 00:00:00', '2025-10-19 20:00:00', '2025-10-19 22:00:00', FALSE),
(83, 5, 28, '2025-03-20 00:00:00', '2025-03-20 19:00:00', '2025-03-20 21:00:00', FALSE),
(84, 2, 28, '2025-03-02 00:00:00', '2025-03-02 20:00:00', '2025-03-02 22:00:00', FALSE),
(85, 29, 28, '2025-03-22 00:00:00', '2025-03-22 19:00:00', '2025-03-22 21:00:00', FALSE),
(86, 5, 28, '2025-02-15 00:00:00', '2025-02-15 18:00:00', '2025-02-15 20:00:00', FALSE),
(87, 9, 29, '2025-03-09 00:00:00', '2025-03-09 18:00:00', '2025-03-09 20:00:00', FALSE),
(88, 10, 29, '2025-02-08 00:00:00', '2025-02-08 19:00:00', '2025-02-08 21:00:00', FALSE),
(89, 8, 29, '2025-03-16 00:00:00', '2025-03-16 18:00:00', '2025-03-16 20:00:00', FALSE),
(90, 19, 30, '2025-02-15 00:00:00', '2025-02-15 19:00:00', '2025-02-15 21:00:00', FALSE),
(91, 20, 30, '2025-02-10 00:00:00', '2025-02-10 18:00:00', '2025-02-10 20:00:00', FALSE),
(92, 20, 30, '2025-02-12 00:00:00', '2025-02-12 19:00:00', '2025-02-12 21:00:00', FALSE),
(93, 19, 30, '2025-02-10 00:00:00', '2025-02-10 17:00:00', '2025-02-10 19:00:00', FALSE),
(94, 22, 31, '2025-02-05 00:00:00', '2025-02-05 18:00:00', '2025-02-05 20:00:00', FALSE),
(95, 22, 31, '2025-03-14 00:00:00', '2025-03-14 19:00:00', '2025-03-14 21:00:00', FALSE),
(96, 24, 32, '2025-02-09 00:00:00', '2025-02-09 17:00:00', '2025-02-09 19:00:00', FALSE),
(97, 23, 32, '2025-02-14 00:00:00', '2025-02-14 18:00:00', '2025-02-14 20:00:00', FALSE),
(98, 24, 32, '2025-02-26 00:00:00', '2025-02-26 17:00:00', '2025-02-26 19:00:00', FALSE),
(99, 18, 33, '2025-03-22 00:00:00', '2025-03-22 20:00:00', '2025-03-22 22:00:00', FALSE),
(100, 17, 33, '2025-02-28 00:00:00', '2025-02-28 19:00:00', '2025-02-28 21:00:00', FALSE),
(101, 27, 34, '2025-02-05 00:00:00', '2025-02-05 19:00:00', '2025-02-05 21:00:00', FALSE),
(102, 28, 34, '2025-01-27 00:00:00', '2025-01-27 18:00:00', '2025-01-27 20:00:00', FALSE),
(103, 28, 34, '2025-03-12 00:00:00', '2025-03-12 20:00:00', '2025-03-12 22:00:00', FALSE),
(104, 12, 35, '2025-03-14 00:00:00', '2025-03-14 18:00:00', '2025-03-14 20:00:00', FALSE),
(105, 11, 35, '2025-02-28 00:00:00', '2025-02-28 20:00:00', '2025-02-28 22:00:00', FALSE);

-- Game: 80 rows
INSERT INTO Game (id, game_time, venue_id, game_date, status, venue_time_slot_id, away_team_id, home_team_id, league_id) VALUES
(1, '2026-02-25 20:00:00', 5, '2026-02-25 00:00:00', 'Canceled', 1, 5, 1, 1),
(2, '2026-03-23 20:00:00', 3, '2026-03-23 00:00:00', 'Completed', 2, 4, 1, 1),
(3, '2026-04-14 20:00:00', 1, '2026-04-14 00:00:00', 'Completed', 3, 1, 4, 1),
(4, '2026-03-22 18:00:00', 5, '2026-03-22 00:00:00', 'Canceled', 4, 6, 7, 2),
(5, '2026-03-10 17:00:00', 4, '2026-03-10 00:00:00', 'Completed', 6, 6, 7, 2),
(6, '2026-02-02 17:00:00', 5, '2026-02-02 00:00:00', 'Completed', 7, 8, 9, 3),
(7, '2026-04-16 17:00:00', 1, '2026-04-16 00:00:00', 'Active', 10, 9, 8, 3),
(8, '2026-04-11 19:00:00', 8, '2026-04-11 00:00:00', 'Completed', 12, 11, 10, 4),
(9, '2026-02-19 19:00:00', 9, '2026-02-19 00:00:00', 'Active', 14, 12, 13, 5),
(10, '2026-03-16 18:00:00', 7, '2026-03-16 00:00:00', 'Completed', 16, 13, 12, 5),
(11, '2026-03-06 20:00:00', 8, '2026-03-06 00:00:00', 'Completed', 17, 12, 13, 5),
(12, '2026-03-31 17:00:00', 6, '2026-03-31 00:00:00', 'Completed', 18, 15, 14, 6),
(13, '2026-03-21 17:00:00', 8, '2026-03-21 00:00:00', 'Completed', 19, 15, 14, 6),
(14, '2026-04-13 20:00:00', 10, '2026-04-13 00:00:00', 'Completed', 20, 14, 15, 6),
(15, '2026-03-18 19:00:00', 13, '2026-03-18 00:00:00', 'Completed', 21, 17, 16, 7),
(16, '2026-03-12 17:00:00', 13, '2026-03-12 00:00:00', 'Completed', 22, 16, 17, 7),
(17, '2026-04-17 17:00:00', 12, '2026-04-17 00:00:00', 'Active', 23, 17, 16, 7),
(18, '2026-03-05 19:00:00', 13, '2026-03-05 00:00:00', 'Rescheduled', 24, 2, 18, 8),
(19, '2026-02-22 18:00:00', 11, '2026-02-22 00:00:00', 'Completed', 25, 2, 18, 8),
(20, '2026-03-19 19:00:00', 14, '2026-03-19 00:00:00', 'Canceled', 26, 18, 2, 8),
(21, '2026-03-28 18:00:00', 12, '2026-03-28 00:00:00', 'Completed', 27, 18, 2, 8),
(22, '2026-01-30 17:00:00', 11, '2026-01-30 00:00:00', 'Completed', 28, 20, 19, 9),
(23, '2026-02-06 19:00:00', 13, '2026-02-06 00:00:00', 'Rescheduled', 29, 19, 20, 9),
(24, '2026-04-09 18:00:00', 16, '2026-04-09 00:00:00', 'Completed', 30, 22, 21, 10),
(25, '2026-02-27 20:00:00', 17, '2026-02-27 00:00:00', 'Active', 33, 24, 23, 11),
(26, '2026-01-31 19:00:00', 17, '2026-01-31 00:00:00', 'Rescheduled', 34, 24, 25, 11),
(27, '2026-04-11 20:00:00', 18, '2026-04-11 00:00:00', 'Completed', 35, 23, 25, 11),
(28, '2026-01-29 17:00:00', 17, '2026-01-29 00:00:00', 'Completed', 36, 24, 25, 11),
(29, '2026-04-06 20:00:00', 19, '2026-04-06 00:00:00', 'Completed', 39, 26, 27, 12),
(30, '2026-02-07 19:00:00', 22, '2026-02-07 00:00:00', 'Completed', 40, 28, 29, 13),
(31, '2026-04-08 17:00:00', 22, '2026-04-08 00:00:00', 'Rescheduled', 41, 28, 29, 13),
(32, '2026-02-04 20:00:00', 24, '2026-02-04 00:00:00', 'Completed', 42, 30, 31, 14),
(33, '2026-02-27 18:00:00', 23, '2026-02-27 00:00:00', 'Active', 43, 31, 32, 14),
(34, '2026-03-08 19:00:00', 23, '2026-03-08 00:00:00', 'Completed', 44, 31, 30, 14),
(35, '2026-04-06 19:00:00', 26, '2026-04-06 00:00:00', 'Completed', 45, 34, 33, 15),
(36, '2026-02-09 17:00:00', 25, '2026-02-09 00:00:00', 'Completed', 46, 34, 33, 15),
(37, '2026-02-24 18:00:00', 25, '2026-02-24 00:00:00', 'Canceled', 47, 34, 33, 15),
(38, '2026-03-14 19:00:00', 27, '2026-03-14 00:00:00', 'Completed', 48, 36, 35, 16),
(39, '2026-04-14 20:00:00', 28, '2026-04-14 00:00:00', 'Rescheduled', 49, 36, 35, 16),
(40, '2026-01-27 20:00:00', 27, '2026-01-27 00:00:00', 'Completed', 50, 36, 35, 16),
(41, '2026-02-21 20:00:00', 28, '2026-02-21 00:00:00', 'Completed', 51, 37, 38, 17),
(42, '2026-04-18 18:00:00', 6, '2026-04-18 00:00:00', 'Pending', 56, 42, 41, 19),
(43, '2026-04-17 19:00:00', 13, '2026-04-17 00:00:00', 'Pending', 62, 43, 44, 20),
(44, '2025-10-02 19:00:00', 4, '2025-10-02 00:00:00', 'Completed', 69, 49, 51, 23),
(45, '2025-09-11 18:00:00', 5, '2025-09-11 00:00:00', 'Completed', 70, 51, 49, 23),
(46, '2025-10-18 18:00:00', 7, '2025-10-18 00:00:00', 'Completed', 71, 53, 52, 24),
(47, '2025-08-29 17:00:00', 9, '2025-08-29 00:00:00', 'Completed', 72, 53, 52, 24),
(48, '2025-10-07 17:00:00', 30, '2025-10-07 00:00:00', 'Completed', 73, 53, 52, 24),
(49, '2025-09-29 19:00:00', 11, '2025-09-29 00:00:00', 'Completed', 74, 54, 55, 25),
(50, '2025-08-26 20:00:00', 13, '2025-08-26 00:00:00', 'Canceled', 75, 54, 55, 25),
(51, '2025-10-16 17:00:00', 14, '2025-10-16 00:00:00', 'Completed', 76, 54, 55, 25),
(52, '2025-09-15 18:00:00', 15, '2025-09-15 00:00:00', 'Completed', 77, 57, 56, 26),
(53, '2025-09-08 20:00:00', 16, '2025-09-08 00:00:00', 'Completed', 78, 57, 56, 26),
(54, '2025-09-16 18:00:00', 15, '2025-09-16 00:00:00', 'Completed', 79, 56, 57, 26),
(55, '2025-09-28 17:00:00', 25, '2025-09-28 00:00:00', 'Completed', 80, 58, 59, 27),
(56, '2025-10-01 19:00:00', 26, '2025-10-01 00:00:00', 'Completed', 81, 58, 59, 27),
(57, '2025-10-19 20:00:00', 25, '2025-10-19 00:00:00', 'Completed', 82, 58, 59, 27),
(58, '2025-03-20 19:00:00', 5, '2025-03-20 00:00:00', 'Completed', 83, 61, 60, 28),
(59, '2025-03-02 20:00:00', 2, '2025-03-02 00:00:00', 'Completed', 84, 60, 61, 28),
(60, '2025-03-22 19:00:00', 29, '2025-03-22 00:00:00', 'Completed', 85, 60, 61, 28),
(61, '2025-02-15 18:00:00', 5, '2025-02-15 00:00:00', 'Completed', 86, 60, 61, 28),
(62, '2025-03-09 18:00:00', 9, '2025-03-09 00:00:00', 'Rescheduled', 87, 64, 63, 29),
(63, '2025-02-08 19:00:00', 10, '2025-02-08 00:00:00', 'Completed', 88, 63, 64, 29),
(64, '2025-03-16 18:00:00', 8, '2025-03-16 00:00:00', 'Completed', 89, 62, 63, 29),
(65, '2025-02-15 19:00:00', 19, '2025-02-15 00:00:00', 'Completed', 90, 65, 66, 30),
(66, '2025-02-10 18:00:00', 20, '2025-02-10 00:00:00', 'Completed', 91, 65, 67, 30),
(67, '2025-02-12 19:00:00', 20, '2025-02-12 00:00:00', 'Completed', 92, 66, 65, 30),
(68, '2025-02-10 17:00:00', 19, '2025-02-10 00:00:00', 'Completed', 93, 65, 66, 30),
(69, '2025-02-05 18:00:00', 22, '2025-02-05 00:00:00', 'Completed', 94, 70, 68, 31),
(70, '2025-03-14 19:00:00', 22, '2025-03-14 00:00:00', 'Completed', 95, 68, 69, 31),
(71, '2025-02-09 17:00:00', 24, '2025-02-09 00:00:00', 'Completed', 96, 71, 72, 32),
(72, '2025-02-14 18:00:00', 23, '2025-02-14 00:00:00', 'Completed', 97, 72, 71, 32),
(73, '2025-02-26 17:00:00', 24, '2025-02-26 00:00:00', 'Completed', 98, 71, 72, 32),
(74, '2025-03-22 20:00:00', 18, '2025-03-22 00:00:00', 'Completed', 99, 75, 73, 33),
(75, '2025-02-28 19:00:00', 17, '2025-02-28 00:00:00', 'Completed', 100, 75, 73, 33),
(76, '2025-02-05 19:00:00', 27, '2025-02-05 00:00:00', 'Completed', 101, 77, 76, 34),
(77, '2025-01-27 18:00:00', 28, '2025-01-27 00:00:00', 'Completed', 102, 76, 77, 34),
(78, '2025-03-12 20:00:00', 28, '2025-03-12 00:00:00', 'Completed', 103, 77, 76, 34),
(79, '2025-03-14 18:00:00', 12, '2025-03-14 00:00:00', 'Completed', 104, 79, 78, 35),
(80, '2025-02-28 20:00:00', 11, '2025-02-28 00:00:00', 'Completed', 105, 79, 78, 35);

-- Game_Result: 62 rows
INSERT INTO Game_Result (id, game_id, winning_team_id, home_score, away_score, is_forfeit) VALUES
(1, 2, 1, 5, 3, FALSE),
(2, 3, 1, 0, 5, FALSE),
(3, 5, 6, 4, 5, FALSE),
(4, 6, 9, 4, 3, FALSE),
(5, 8, 11, 43, 79, FALSE),
(6, 10, 13, 47, 78, FALSE),
(7, 11, 13, 1, 0, TRUE),
(8, 12, 14, 45, 43, FALSE),
(9, 13, 15, 45, 46, FALSE),
(10, 14, 14, 55, 84, FALSE),
(11, 15, 16, 3, 2, FALSE),
(12, 16, 17, 2, 1, FALSE),
(13, 19, 18, 3, 2, FALSE),
(14, 21, 2, 3, 2, FALSE),
(15, 22, 19, 3, 1, FALSE),
(16, 24, 21, 16, 3, FALSE),
(17, 27, 23, 0, 1, FALSE),
(18, 28, 24, 0, 1, TRUE),
(19, 29, 26, 8, 11, FALSE),
(20, 30, 29, 3, 1, FALSE),
(21, 32, 31, 6, 3, FALSE),
(22, 34, 30, 3, 2, FALSE),
(23, 35, 33, 8, 7, FALSE),
(24, 36, 33, 2, 1, FALSE),
(25, 38, 35, 3, 1, FALSE),
(26, 40, 36, 2, 3, FALSE),
(27, 41, 38, 3, 2, FALSE),
(28, 44, 51, 4, 2, FALSE),
(29, 45, 51, 0, 4, FALSE),
(30, 46, 53, 83, 89, FALSE),
(31, 47, 53, 59, 76, FALSE),
(32, 48, 53, 38, 47, FALSE),
(33, 49, 55, 3, 2, FALSE),
(34, 51, 55, 2, 1, FALSE),
(35, 52, 57, 24, 38, FALSE),
(36, 53, 57, 14, 28, FALSE),
(37, 54, 56, 0, 20, FALSE),
(38, 55, 59, 6, 2, FALSE),
(39, 56, 58, 0, 4, FALSE),
(40, 57, 58, 2, 4, FALSE),
(41, 58, 61, 4, 5, FALSE),
(42, 59, 61, 3, 2, FALSE),
(43, 60, 61, 5, 4, FALSE),
(44, 61, 61, 3, 1, FALSE),
(45, 63, 64, 84, 52, FALSE),
(46, 64, 62, 41, 81, FALSE),
(47, 65, 66, 10, 9, FALSE),
(48, 66, 65, 7, 11, FALSE),
(49, 67, 66, 8, 13, FALSE),
(50, 68, 66, 9, 8, FALSE),
(51, 69, 68, 3, 2, FALSE),
(52, 70, 69, 3, 2, FALSE),
(53, 71, 72, 4, 1, FALSE),
(54, 72, 71, 1, 0, FALSE),
(55, 73, 72, 5, 2, FALSE),
(56, 74, 75, 11, 12, FALSE),
(57, 75, 75, 4, 7, FALSE),
(58, 76, 77, 0, 1, TRUE),
(59, 77, 76, 1, 2, FALSE),
(60, 78, 76, 2, 1, FALSE),
(61, 79, 78, 2, 1, FALSE),
(62, 80, 78, 2, 0, FALSE);

-- Team_Membership: 130 rows
INSERT INTO Team_Membership (id, date_joined, designation, status, team_id, player_id, role, join_method) VALUES
(1, '2026-01-15 14:00:00', 'Starter', 'Active', 1, 2, 'Captain', 'Search'),
(2, '2026-01-13 12:00:00', 'Starter', 'Active', 2, 5, 'Captain', 'Search'),
(3, '2026-01-08 14:00:00', 'Starter', 'Active', 3, 18, 'Captain', 'Search'),
(4, '2026-01-11 15:00:00', 'Starter', 'Active', 4, 36, 'Captain', 'Search'),
(5, '2026-01-08 15:00:00', 'Starter', 'Active', 5, 33, 'Captain', 'Search'),
(6, '2026-01-15 10:00:00', 'Starter', 'Active', 6, 18, 'Captain', 'Search'),
(7, '2026-01-19 16:00:00', 'Starter', 'Active', 7, 12, 'Captain', 'Search'),
(8, '2026-01-12 13:00:00', 'Starter', 'Active', 8, 2, 'Captain', 'Search'),
(9, '2026-01-05 10:00:00', 'Starter', 'Active', 9, 17, 'Captain', 'Search'),
(10, '2026-01-12 17:00:00', 'Starter', 'Active', 10, 5, 'Captain', 'Search'),
(11, '2026-01-15 12:00:00', 'Starter', 'Active', 11, 8, 'Captain', 'Search'),
(12, '2026-01-19 14:00:00', 'Starter', 'Active', 12, 36, 'Captain', 'Search'),
(13, '2026-01-16 10:00:00', 'Starter', 'Active', 13, 40, 'Captain', 'Search'),
(14, '2026-01-17 12:00:00', 'Starter', 'Active', 14, 8, 'Captain', 'Search'),
(15, '2026-01-11 17:00:00', 'Starter', 'Active', 15, 4, 'Captain', 'Search'),
(16, '2026-01-09 15:00:00', 'Starter', 'Active', 16, 20, 'Captain', 'Search'),
(17, '2026-01-07 14:00:00', 'Starter', 'Active', 17, 14, 'Captain', 'Search'),
(18, '2026-01-07 14:00:00', 'Starter', 'Active', 18, 18, 'Captain', 'Search'),
(19, '2026-01-11 13:00:00', 'Starter', 'Active', 19, 17, 'Captain', 'Search'),
(20, '2026-01-09 17:00:00', 'Starter', 'Active', 20, 2, 'Captain', 'Search'),
(21, '2026-01-13 16:00:00', 'Starter', 'Active', 21, 33, 'Captain', 'Search'),
(22, '2026-01-06 12:00:00', 'Starter', 'Active', 22, 29, 'Captain', 'Search'),
(23, '2026-01-14 12:00:00', 'Starter', 'Active', 23, 32, 'Captain', 'Search'),
(24, '2026-01-05 13:00:00', 'Starter', 'Active', 24, 26, 'Captain', 'Search'),
(25, '2026-01-12 17:00:00', 'Starter', 'Active', 25, 14, 'Captain', 'Search'),
(26, '2026-01-14 13:00:00', 'Starter', 'Active', 26, 9, 'Captain', 'Search'),
(27, '2026-01-13 15:00:00', 'Starter', 'Active', 27, 4, 'Captain', 'Search'),
(28, '2026-01-17 16:00:00', 'Starter', 'Active', 28, 17, 'Captain', 'Search'),
(29, '2026-01-12 13:00:00', 'Starter', 'Active', 29, 4, 'Captain', 'Search'),
(30, '2026-01-09 11:00:00', 'Starter', 'Active', 30, 33, 'Captain', 'Search'),
(31, '2026-01-08 15:00:00', 'Starter', 'Active', 31, 39, 'Captain', 'Search'),
(32, '2026-01-14 11:00:00', 'Starter', 'Active', 32, 19, 'Captain', 'Search'),
(33, '2026-01-12 13:00:00', 'Starter', 'Active', 33, 11, 'Captain', 'Search'),
(34, '2026-01-12 14:00:00', 'Starter', 'Active', 34, 1, 'Captain', 'Search'),
(35, '2026-01-16 13:00:00', 'Starter', 'Active', 35, 36, 'Captain', 'Search'),
(36, '2026-01-07 16:00:00', 'Starter', 'Active', 36, 3, 'Captain', 'Search'),
(37, '2026-01-15 16:00:00', 'Starter', 'Active', 37, 12, 'Captain', 'Search'),
(38, '2026-01-17 13:00:00', 'Starter', 'Active', 38, 25, 'Captain', 'Search'),
(39, '2026-03-28 14:00:00', 'Starter', 'Active', 39, 33, 'Captain', 'Search'),
(40, '2026-03-27 10:00:00', 'Starter', 'Active', 40, 16, 'Captain', 'Search'),
(41, '2026-03-30 14:00:00', 'Starter', 'Active', 41, 6, 'Captain', 'Search'),
(42, '2026-04-01 15:00:00', 'Starter', 'Active', 42, 38, 'Captain', 'Search'),
(43, '2026-03-22 13:00:00', 'Starter', 'Active', 43, 20, 'Captain', 'Search'),
(44, '2026-03-21 14:00:00', 'Starter', 'Active', 44, 15, 'Captain', 'Search'),
(45, '2026-03-25 16:00:00', 'Starter', 'Active', 45, 39, 'Captain', 'Search'),
(46, '2026-03-28 17:00:00', 'Starter', 'Active', 46, 21, 'Captain', 'Search'),
(47, '2026-03-28 14:00:00', 'Starter', 'Active', 47, 19, 'Captain', 'Search'),
(48, '2026-03-22 12:00:00', 'Starter', 'Active', 48, 10, 'Captain', 'Search'),
(49, '2025-08-05 16:00:00', 'Starter', 'Active', 49, 33, 'Captain', 'Search'),
(50, '2025-08-12 17:00:00', 'Starter', 'Active', 50, 37, 'Captain', 'Search'),
(51, '2025-08-05 11:00:00', 'Starter', 'Active', 51, 15, 'Captain', 'Search'),
(52, '2025-08-12 17:00:00', 'Starter', 'Active', 52, 7, 'Captain', 'Search'),
(53, '2025-08-13 13:00:00', 'Starter', 'Active', 53, 4, 'Captain', 'Search'),
(54, '2025-08-04 13:00:00', 'Starter', 'Active', 54, 32, 'Captain', 'Search'),
(55, '2025-08-05 12:00:00', 'Starter', 'Active', 55, 5, 'Captain', 'Search'),
(56, '2025-08-12 11:00:00', 'Starter', 'Active', 56, 31, 'Captain', 'Search'),
(57, '2025-08-14 17:00:00', 'Starter', 'Active', 57, 17, 'Captain', 'Search'),
(58, '2025-08-08 10:00:00', 'Starter', 'Active', 58, 30, 'Captain', 'Search'),
(59, '2025-08-07 12:00:00', 'Starter', 'Active', 59, 31, 'Captain', 'Search'),
(60, '2025-01-08 10:00:00', 'Starter', 'Active', 60, 5, 'Captain', 'Search'),
(61, '2025-01-15 14:00:00', 'Starter', 'Active', 61, 20, 'Captain', 'Search'),
(62, '2025-01-09 14:00:00', 'Starter', 'Active', 62, 4, 'Captain', 'Search'),
(63, '2025-01-15 16:00:00', 'Starter', 'Active', 63, 7, 'Captain', 'Search'),
(64, '2025-01-08 11:00:00', 'Starter', 'Active', 64, 19, 'Captain', 'Search'),
(65, '2025-01-08 14:00:00', 'Starter', 'Active', 65, 30, 'Captain', 'Search'),
(66, '2025-01-15 13:00:00', 'Starter', 'Active', 66, 36, 'Captain', 'Search'),
(67, '2025-01-13 14:00:00', 'Starter', 'Active', 67, 31, 'Captain', 'Search'),
(68, '2025-01-09 10:00:00', 'Starter', 'Active', 68, 18, 'Captain', 'Search'),
(69, '2025-01-06 14:00:00', 'Starter', 'Active', 69, 14, 'Captain', 'Search'),
(70, '2025-01-13 14:00:00', 'Starter', 'Active', 70, 17, 'Captain', 'Search'),
(71, '2025-01-10 13:00:00', 'Starter', 'Active', 71, 8, 'Captain', 'Search'),
(72, '2025-01-12 13:00:00', 'Starter', 'Active', 72, 32, 'Captain', 'Search'),
(73, '2025-01-18 13:00:00', 'Starter', 'Active', 73, 29, 'Captain', 'Search'),
(74, '2025-01-10 16:00:00', 'Starter', 'Active', 74, 27, 'Captain', 'Search'),
(75, '2025-01-20 14:00:00', 'Starter', 'Active', 75, 22, 'Captain', 'Search'),
(76, '2025-01-03 10:00:00', 'Starter', 'Active', 76, 13, 'Captain', 'Search'),
(77, '2025-01-06 17:00:00', 'Starter', 'Active', 77, 19, 'Captain', 'Search'),
(78, '2025-01-18 16:00:00', 'Starter', 'Active', 78, 24, 'Captain', 'Search'),
(79, '2025-01-09 14:00:00', 'Starter', 'Active', 79, 4, 'Captain', 'Search'),
(80, '2026-01-12 10:00:00', 'Starter', 'Active', 1, 1, 'Player', 'Invite'),
(81, '2026-01-13 11:00:00', 'Starter', 'Active', 2, 1, 'Player', 'Search'),
(82, '2025-08-07 09:00:00', 'Starter', 'Inactive', 56, 4, 'Player', 'Search'),
(83, '2025-08-07 17:00:00', 'Bench', 'Active', 55, 24, 'Player', 'Search'),
(84, '2026-03-26 10:00:00', 'Starter', 'Active', 47, 26, 'Player', 'Invite'),
(85, '2025-01-12 13:00:00', 'Substitute', 'Active', 64, 13, 'Player', 'Search'),
(86, '2026-01-19 17:00:00', 'Substitute', 'Active', 38, 7, 'Player', 'Search'),
(87, '2025-08-13 12:00:00', 'Starter', 'Inactive', 54, 4, 'Player', 'Invite'),
(88, '2026-01-08 16:00:00', 'Starter', 'Active', 4, 39, 'Player', 'Invite'),
(89, '2025-08-20 21:00:00', 'Starter', 'Inactive', 51, 29, 'Player', 'Invite'),
(90, '2026-01-09 12:00:00', 'Reserve', 'Active', 22, 22, 'Player', 'Invite'),
(91, '2026-04-05 15:00:00', 'Reserve', 'Inactive', 40, 25, 'Player', 'Invite'),
(92, '2026-01-08 15:00:00', 'Starter', 'Active', 11, 18, 'Player', 'Invite'),
(93, '2025-08-18 14:00:00', 'Reserve', 'Inactive', 49, 23, 'Player', 'Invite'),
(94, '2026-01-13 15:00:00', 'Reserve', 'Active', 7, 31, 'Player', 'Invite'),
(95, '2026-04-04 17:00:00', 'Reserve', 'Active', 42, 24, 'Player', 'Invite'),
(96, '2025-08-13 10:00:00', 'Starter', 'Active', 52, 3, 'Player', 'Search'),
(97, '2026-01-19 19:00:00', 'Bench', 'Active', 25, 5, 'Player', 'Search'),
(98, '2025-01-13 21:00:00', 'Bench', 'Active', 79, 3, 'Player', 'Search'),
(99, '2025-01-04 13:00:00', 'Reserve', 'Active', 77, 5, 'Player', 'Search'),
(100, '2026-01-21 17:00:00', 'Reserve', 'Active', 33, 28, 'Player', 'Invite'),
(101, '2026-01-17 21:00:00', 'Substitute', 'Active', 2, 20, 'Player', 'Search'),
(102, '2026-03-29 19:00:00', 'Substitute', 'Active', 41, 30, 'Player', 'Search'),
(103, '2026-01-12 11:00:00', 'Reserve', 'Active', 21, 16, 'Player', 'Search'),
(104, '2026-01-20 11:00:00', 'Bench', 'Inactive', 21, 28, 'Player', 'Invite'),
(105, '2026-01-13 17:00:00', 'Reserve', 'Inactive', 27, 7, 'Player', 'Invite'),
(106, '2026-01-13 17:00:00', 'Substitute', 'Active', 30, 9, 'Player', 'Invite'),
(107, '2026-01-14 19:00:00', 'Bench', 'Active', 38, 19, 'Player', 'Search'),
(108, '2026-01-10 12:00:00', 'Substitute', 'Active', 26, 29, 'Player', 'Search'),
(109, '2025-01-16 11:00:00', 'Substitute', 'Inactive', 75, 13, 'Player', 'Invite'),
(110, '2026-01-10 11:00:00', 'Substitute', 'Active', 13, 30, 'Player', 'Search'),
(111, '2026-04-06 14:00:00', 'Starter', 'Active', 48, 3, 'Player', 'Invite'),
(112, '2025-01-07 11:00:00', 'Substitute', 'Active', 77, 38, 'Player', 'Search'),
(113, '2025-01-21 20:00:00', 'Starter', 'Inactive', 78, 17, 'Player', 'Search'),
(114, '2026-01-16 15:00:00', 'Substitute', 'Active', 28, 3, 'Player', 'Search'),
(115, '2026-01-17 20:00:00', 'Starter', 'Inactive', 5, 39, 'Player', 'Search'),
(116, '2025-08-09 19:00:00', 'Substitute', 'Active', 53, 24, 'Player', 'Invite'),
(117, '2025-01-15 11:00:00', 'Reserve', 'Active', 64, 36, 'Player', 'Invite'),
(118, '2025-01-17 12:00:00', 'Bench', 'Active', 69, 6, 'Player', 'Search'),
(119, '2026-01-16 10:00:00', 'Bench', 'Active', 37, 20, 'Player', 'Search'),
(120, '2025-08-17 15:00:00', 'Reserve', 'Active', 54, 2, 'Player', 'Search'),
(121, '2025-08-11 11:00:00', 'Reserve', 'Active', 56, 11, 'Player', 'Search'),
(122, '2025-08-10 10:00:00', 'Substitute', 'Active', 59, 11, 'Player', 'Search'),
(123, '2026-01-19 15:00:00', 'Substitute', 'Active', 12, 37, 'Player', 'Invite'),
(124, '2026-03-25 18:00:00', 'Starter', 'Active', 45, 19, 'Player', 'Invite'),
(125, '2025-08-18 13:00:00', 'Starter', 'Active', 50, 32, 'Player', 'Search'),
(126, '2026-04-02 20:00:00', 'Substitute', 'Active', 41, 4, 'Player', 'Invite'),
(127, '2025-08-20 13:00:00', 'Substitute', 'Active', 52, 40, 'Player', 'Invite'),
(128, '2026-01-18 12:00:00', 'Starter', 'Active', 6, 26, 'Player', 'Invite'),
(129, '2026-01-07 18:00:00', 'Starter', 'Active', 32, 13, 'Player', 'Search'),
(130, '2026-01-13 17:00:00', 'Bench', 'Active', 16, 25, 'Player', 'Search');

-- Analytics_Report: 55 rows
INSERT INTO Analytics_Report (id, season, sport, generated_date, data, recommendations, team_being_analyzed_id) VALUES
(1, 2026, 'Basketball', '2026-03-17 23:59:00', '{"wins":4,"losses":3,"points_per_game":64,"opponent_ppg":60,"turnovers_per_game":6}', 'Reduce turnovers in the second half. Improve three-point defense.', 11),
(2, 2026, 'Volleyball', '2026-03-11 23:59:00', '{"wins":2,"losses":2,"sets_won":7,"sets_lost":8,"aces":8,"service_errors":8}', 'Capitalize on strong serve. Reduce service error rate below 10%.', 20),
(3, 2025, 'Flag Football', '2025-10-30 23:59:00', '{"wins":3,"losses":1,"avg_score":38}', 'Focus on consistency across matches. Improve second-half conditioning.', 56),
(4, 2025, 'Dodgeball', '2025-03-22 23:59:00', '{"wins":6,"losses":1,"avg_score":10}', 'Focus on consistency across matches. Improve second-half conditioning.', 72),
(5, 2025, 'Volleyball', '2025-10-26 23:59:00', '{"wins":5,"losses":1,"sets_won":3,"sets_lost":4,"aces":12,"service_errors":4}', 'Capitalize on strong serve. Reduce service error rate below 10%.', 55),
(6, 2026, 'Volleyball', '2026-03-25 23:59:00', '{"wins":6,"losses":2,"sets_won":5,"sets_lost":9,"aces":8,"service_errors":9}', 'Capitalize on strong serve. Reduce service error rate below 10%.', 16),
(7, 2026, 'Basketball', '2026-02-09 23:59:00', '{"wins":5,"losses":0,"points_per_game":54,"opponent_ppg":50,"turnovers_per_game":10}', 'Reduce turnovers in the second half. Improve three-point defense.', 10),
(8, 2025, 'Badminton', '2025-03-20 23:59:00', '{"wins":3,"losses":0,"avg_score":50}', 'Focus on consistency across matches. Improve second-half conditioning.', 77),
(9, 2025, 'Softball', '2025-03-29 23:59:00', '{"wins":1,"losses":2,"avg_score":24}', 'Focus on consistency across matches. Improve second-half conditioning.', 75),
(10, 2026, 'Basketball', '2026-03-27 23:59:00', '{"wins":0,"losses":1,"points_per_game":62,"opponent_ppg":54,"turnovers_per_game":13}', 'Reduce turnovers in the second half. Improve three-point defense.', 14),
(11, 2025, 'Soccer', '2025-10-12 23:59:00', '{"wins":3,"losses":6,"goals_for":9,"goals_against":11,"avg_possession":53}', 'Maintain possession-based play. Work on defensive transitions.', 50),
(12, 2025, 'Volleyball', '2025-04-04 23:59:00', '{"wins":1,"losses":1,"sets_won":3,"sets_lost":6,"aces":14,"service_errors":8}', 'Capitalize on strong serve. Reduce service error rate below 10%.', 78),
(13, 2026, 'Soccer', '2026-02-20 23:59:00', '{"wins":2,"losses":3,"goals_for":8,"goals_against":13,"avg_possession":54}', 'Maintain possession-based play. Work on defensive transitions.', 1),
(14, 2026, 'Volleyball', '2026-03-12 23:59:00', '{"wins":0,"losses":1,"sets_won":11,"sets_lost":2,"aces":11,"service_errors":11}', 'Capitalize on strong serve. Reduce service error rate below 10%.', 18),
(15, 2025, 'Hockey', '2025-11-01 23:59:00', '{"wins":6,"losses":2,"avg_score":17}', 'Focus on consistency across matches. Improve second-half conditioning.', 59),
(16, 2026, 'Volleyball', '2026-02-25 23:59:00', '{"wins":6,"losses":1,"sets_won":8,"sets_lost":8,"aces":13,"service_errors":6}', 'Capitalize on strong serve. Reduce service error rate below 10%.', 19),
(17, 2026, 'Softball', '2026-02-24 23:59:00', '{"wins":0,"losses":3,"avg_score":28}', 'Focus on consistency across matches. Improve second-half conditioning.', 23),
(18, 2025, 'Ultimate Frisbee', '2025-04-05 23:59:00', '{"wins":1,"losses":0,"avg_score":28}', 'Focus on consistency across matches. Improve second-half conditioning.', 65),
(19, 2025, 'Flag Football', '2025-10-09 23:59:00', '{"wins":5,"losses":0,"avg_score":38}', 'Focus on consistency across matches. Improve second-half conditioning.', 57),
(20, 2025, 'Basketball', '2025-10-28 23:59:00', '{"wins":2,"losses":4,"points_per_game":44,"opponent_ppg":54,"turnovers_per_game":5}', 'Reduce turnovers in the second half. Improve three-point defense.', 53),
(21, 2025, 'Tennis', '2025-04-08 23:59:00', '{"wins":2,"losses":1,"avg_score":33}', 'Focus on consistency across matches. Improve second-half conditioning.', 70),
(22, 2026, 'Badminton', '2026-03-09 23:59:00', '{"wins":0,"losses":3,"avg_score":23}', 'Focus on consistency across matches. Improve second-half conditioning.', 37),
(23, 2025, 'Tennis', '2025-03-23 23:59:00', '{"wins":4,"losses":1,"avg_score":18}', 'Focus on consistency across matches. Improve second-half conditioning.', 69),
(24, 2025, 'Tennis', '2025-03-17 23:59:00', '{"wins":4,"losses":6,"avg_score":24}', 'Focus on consistency across matches. Improve second-half conditioning.', 68),
(25, 2026, 'Hockey', '2026-04-01 23:59:00', '{"wins":1,"losses":1,"avg_score":48}', 'Focus on consistency across matches. Improve second-half conditioning.', 33),
(26, 2025, 'Soccer', '2025-10-08 23:59:00', '{"wins":6,"losses":0,"goals_for":24,"goals_against":18,"avg_possession":64}', 'Maintain possession-based play. Work on defensive transitions.', 51),
(27, 2025, 'Soccer', '2025-03-28 23:59:00', '{"wins":1,"losses":1,"goals_for":9,"goals_against":9,"avg_possession":58}', 'Maintain possession-based play. Work on defensive transitions.', 61),
(28, 2026, 'Badminton', '2026-02-28 23:59:00', '{"wins":1,"losses":0,"avg_score":14}', 'Focus on consistency across matches. Improve second-half conditioning.', 35),
(29, 2025, 'Basketball', '2025-04-19 23:59:00', '{"wins":5,"losses":4,"points_per_game":53,"opponent_ppg":66,"turnovers_per_game":5}', 'Reduce turnovers in the second half. Improve three-point defense.', 62),
(30, 2025, 'Basketball', '2025-10-29 23:59:00', '{"wins":6,"losses":2,"points_per_game":50,"opponent_ppg":49,"turnovers_per_game":15}', 'Reduce turnovers in the second half. Improve three-point defense.', 52),
(31, 2026, 'Dodgeball', '2026-03-13 23:59:00', '{"wins":0,"losses":0,"avg_score":36}', 'Focus on consistency across matches. Improve second-half conditioning.', 31),
(32, 2025, 'Volleyball', '2025-10-27 23:59:00', '{"wins":1,"losses":6,"sets_won":7,"sets_lost":5,"aces":10,"service_errors":12}', 'Capitalize on strong serve. Reduce service error rate below 10%.', 54),
(33, 2026, 'Basketball', '2026-03-03 23:59:00', '{"wins":0,"losses":1,"points_per_game":62,"opponent_ppg":51,"turnovers_per_game":14}', 'Reduce turnovers in the second half. Improve three-point defense.', 15),
(34, 2026, 'Flag Football', '2026-03-19 23:59:00', '{"wins":6,"losses":0,"avg_score":32}', 'Focus on consistency across matches. Improve second-half conditioning.', 21),
(35, 2025, 'Basketball', '2025-04-08 23:59:00', '{"wins":3,"losses":4,"points_per_game":42,"opponent_ppg":43,"turnovers_per_game":10}', 'Reduce turnovers in the second half. Improve three-point defense.', 64),
(36, 2025, 'Hockey', '2025-11-16 23:59:00', '{"wins":1,"losses":6,"avg_score":30}', 'Focus on consistency across matches. Improve second-half conditioning.', 58),
(37, 2026, 'Soccer', '2026-04-03 23:59:00', '{"wins":5,"losses":6,"goals_for":17,"goals_against":4,"avg_possession":49}', 'Maintain possession-based play. Work on defensive transitions.', 8),
(38, 2026, 'Ultimate Frisbee', '2026-02-21 23:59:00', '{"wins":5,"losses":3,"avg_score":38}', 'Focus on consistency across matches. Improve second-half conditioning.', 26),
(39, 2025, 'Ultimate Frisbee', '2025-04-11 23:59:00', '{"wins":0,"losses":4,"avg_score":44}', 'Focus on consistency across matches. Improve second-half conditioning.', 66),
(40, 2025, 'Volleyball', '2025-03-17 23:59:00', '{"wins":0,"losses":1,"sets_won":4,"sets_lost":5,"aces":10,"service_errors":5}', 'Capitalize on strong serve. Reduce service error rate below 10%.', 79),
(41, 2026, 'Dodgeball', '2026-02-16 23:59:00', '{"wins":2,"losses":2,"avg_score":45}', 'Focus on consistency across matches. Improve second-half conditioning.', 32),
(42, 2026, 'Dodgeball', '2026-02-11 23:59:00', '{"wins":0,"losses":0,"avg_score":22}', 'Focus on consistency across matches. Improve second-half conditioning.', 30),
(43, 2026, 'Softball', '2026-02-25 23:59:00', '{"wins":0,"losses":6,"avg_score":48}', 'Focus on consistency across matches. Improve second-half conditioning.', 24),
(44, 2025, 'Softball', '2025-04-15 23:59:00', '{"wins":4,"losses":3,"avg_score":43}', 'Focus on consistency across matches. Improve second-half conditioning.', 74),
(45, 2025, 'Ultimate Frisbee', '2025-03-25 23:59:00', '{"wins":5,"losses":3,"avg_score":16}', 'Focus on consistency across matches. Improve second-half conditioning.', 67),
(46, 2026, 'Soccer', '2026-03-04 23:59:00', '{"wins":6,"losses":0,"goals_for":10,"goals_against":4,"avg_possession":48}', 'Maintain possession-based play. Work on defensive transitions.', 4),
(47, 2026, 'Volleyball', '2026-02-17 23:59:00', '{"wins":3,"losses":3,"sets_won":12,"sets_lost":10,"aces":13,"service_errors":4}', 'Capitalize on strong serve. Reduce service error rate below 10%.', 2),
(48, 2026, 'Soccer', '2026-02-15 23:59:00', '{"wins":0,"losses":3,"goals_for":9,"goals_against":20,"avg_possession":58}', 'Maintain possession-based play. Work on defensive transitions.', 6),
(49, 2026, 'Softball', '2026-02-23 23:59:00', '{"wins":6,"losses":1,"avg_score":19}', 'Focus on consistency across matches. Improve second-half conditioning.', 25),
(50, 2026, 'Basketball', '2026-03-23 23:59:00', '{"wins":4,"losses":3,"points_per_game":63,"opponent_ppg":52,"turnovers_per_game":7}', 'Reduce turnovers in the second half. Improve three-point defense.', 12),
(51, 2026, 'Basketball', '2026-02-10 23:59:00', '{"wins":5,"losses":3,"points_per_game":62,"opponent_ppg":53,"turnovers_per_game":14}', 'Reduce turnovers in the second half. Improve three-point defense.', 13),
(52, 2026, 'Flag Football', '2026-03-19 23:59:00', '{"wins":4,"losses":0,"avg_score":35}', 'Focus on consistency across matches. Improve second-half conditioning.', 22),
(53, 2026, 'Soccer', '2026-02-13 23:59:00', '{"wins":6,"losses":2,"goals_for":15,"goals_against":15,"avg_possession":47}', 'Maintain possession-based play. Work on defensive transitions.', 3),
(54, 2026, 'Volleyball', '2026-03-07 23:59:00', '{"wins":5,"losses":3,"sets_won":12,"sets_lost":7,"aces":17,"service_errors":11}', 'Capitalize on strong serve. Reduce service error rate below 10%.', 17),
(55, 2026, 'Soccer', '2026-02-16 23:59:00', '{"wins":2,"losses":4,"goals_for":9,"goals_against":14,"avg_possession":47}', 'Maintain possession-based play. Work on defensive transitions.', 9);

-- Team_Message: 70 rows
INSERT INTO Team_Message (id, team_id, sent_at, player_id, message) VALUES
(1, 55, '2025-09-18 12:00:00', 5, 'Coach wants us at the field 15 minutes earlier.'),
(2, 24, '2026-02-14 22:00:00', 26, 'Anyone available to cover for me at Saturday''s match?'),
(3, 65, '2025-02-04 13:00:00', 30, 'Don''t forget to bring water bottles tomorrow.'),
(4, 51, '2025-08-10 10:00:00', 15, 'Practice moved to Tuesday at 6pm. Let''s get ready for the game!'),
(5, 35, '2026-03-17 10:00:00', 36, 'Heads up: game rescheduled to next Thursday.'),
(6, 13, '2026-01-25 01:00:00', 30, 'Practice moved to Tuesday at 6pm. Let''s get ready for the game!'),
(7, 56, '2025-08-09 18:00:00', 31, 'Reminder: wear your jerseys for the next game.'),
(8, 40, '2026-04-11 14:00:00', 16, 'Reminder: wear your jerseys for the next game.'),
(9, 8, '2026-01-14 23:00:00', 2, 'Heads up: game rescheduled to next Thursday.'),
(10, 69, '2025-03-03 12:00:00', 14, 'Coach wants us at the field 15 minutes earlier.'),
(11, 17, '2026-02-25 03:00:00', 14, 'Team dinner after the game on Friday - who''s in?'),
(12, 36, '2026-01-19 08:00:00', 3, 'Coach wants us at the field 15 minutes earlier.'),
(13, 37, '2026-02-07 05:00:00', 20, 'Don''t forget to bring water bottles tomorrow.'),
(14, 26, '2026-03-06 02:00:00', 29, 'Team dinner after the game on Friday - who''s in?'),
(15, 79, '2025-03-09 18:00:00', 3, 'Practice moved to Tuesday at 6pm. Let''s get ready for the game!'),
(16, 32, '2026-02-03 15:00:00', 13, 'Coach wants us at the field 15 minutes earlier.'),
(17, 70, '2025-03-21 21:00:00', 17, 'Practice moved to Tuesday at 6pm. Let''s get ready for the game!'),
(18, 46, '2026-04-18 16:00:00', 21, 'Scouted our next opponent, they have a strong defense.'),
(19, 72, '2025-03-08 17:00:00', 32, 'Team dinner after the game on Friday - who''s in?'),
(20, 28, '2026-01-17 09:00:00', 3, 'Great win everyone! Keep the energy up for next week.'),
(21, 71, '2025-02-18 23:00:00', 8, 'Captains meeting after practice, don''t skip.'),
(22, 8, '2026-03-01 20:00:00', 2, 'Let''s aim for a full roster at tomorrow''s game.'),
(23, 14, '2026-01-28 22:00:00', 8, 'Scouted our next opponent, they have a strong defense.'),
(24, 46, '2026-04-12 15:00:00', 21, 'Heads up: game rescheduled to next Thursday.'),
(25, 79, '2025-03-15 12:00:00', 3, 'Let''s aim for a full roster at tomorrow''s game.'),
(26, 61, '2025-03-27 07:00:00', 20, 'Captains meeting after practice, don''t skip.'),
(27, 17, '2026-01-16 09:00:00', 14, 'Don''t forget to bring water bottles tomorrow.'),
(28, 71, '2025-03-09 21:00:00', 8, 'Heads up: game rescheduled to next Thursday.'),
(29, 20, '2026-02-10 04:00:00', 2, 'Heads up: game rescheduled to next Thursday.'),
(30, 15, '2026-03-08 07:00:00', 4, 'Tough loss but proud of everyone. On to the next one.'),
(31, 37, '2026-02-15 20:00:00', 20, 'Don''t forget to bring water bottles tomorrow.'),
(32, 68, '2025-02-16 09:00:00', 18, 'Can someone bring the cones and extra balls?'),
(33, 64, '2025-03-04 18:00:00', 13, 'Great win everyone! Keep the energy up for next week.'),
(34, 69, '2025-01-24 22:00:00', 6, 'Heads up: game rescheduled to next Thursday.'),
(35, 49, '2025-08-16 19:00:00', 33, 'Scouted our next opponent, they have a strong defense.'),
(36, 78, '2025-02-18 15:00:00', 24, 'Don''t forget to bring water bottles tomorrow.'),
(37, 2, '2026-01-09 17:00:00', 5, 'Heads up: game rescheduled to next Thursday.'),
(38, 64, '2025-03-16 18:00:00', 13, 'Coach wants us at the field 15 minutes earlier.'),
(39, 56, '2025-09-22 23:00:00', 11, 'Scouted our next opponent, they have a strong defense.'),
(40, 6, '2026-03-07 09:00:00', 26, 'Captains meeting after practice, don''t skip.'),
(41, 9, '2026-01-16 22:00:00', 17, 'Scouted our next opponent, they have a strong defense.'),
(42, 65, '2025-03-20 03:00:00', 30, 'Great win everyone! Keep the energy up for next week.'),
(43, 25, '2026-03-07 21:00:00', 5, 'Tough loss but proud of everyone. On to the next one.'),
(44, 76, '2025-03-12 08:00:00', 13, 'Submitting the score after tonight''s game - anyone with photos?'),
(45, 12, '2026-02-24 19:00:00', 36, 'Scouted our next opponent, they have a strong defense.'),
(46, 10, '2026-03-12 14:00:00', 5, 'Reminder: wear your jerseys for the next game.'),
(47, 38, '2026-02-22 01:00:00', 19, 'Hope everyone''s feeling better, see you on the court soon.'),
(48, 54, '2025-10-09 18:00:00', 32, 'Submitting the score after tonight''s game - anyone with photos?'),
(49, 66, '2025-03-12 15:00:00', 36, 'Don''t forget to bring water bottles tomorrow.'),
(50, 24, '2026-03-18 04:00:00', 26, 'Reminder: wear your jerseys for the next game.'),
(51, 46, '2026-04-13 22:00:00', 21, 'Practice moved to Tuesday at 6pm. Let''s get ready for the game!'),
(52, 1, '2026-03-16 09:00:00', 1, 'Hope everyone''s feeling better, see you on the court soon.'),
(53, 39, '2026-04-17 12:00:00', 33, 'Heads up: game rescheduled to next Thursday.'),
(54, 2, '2026-01-06 15:00:00', 20, 'Great win everyone! Keep the energy up for next week.'),
(55, 64, '2025-03-20 17:00:00', 36, 'Submitting the score after tonight''s game - anyone with photos?'),
(56, 69, '2025-03-20 15:00:00', 14, 'Don''t forget to bring water bottles tomorrow.'),
(57, 78, '2025-01-26 14:00:00', 24, 'Coach wants us at the field 15 minutes earlier.'),
(58, 66, '2025-01-10 12:00:00', 36, 'Reminder: wear your jerseys for the next game.'),
(59, 22, '2026-03-06 04:00:00', 22, 'Don''t forget to bring water bottles tomorrow.'),
(60, 8, '2026-03-19 19:00:00', 2, 'Great win everyone! Keep the energy up for next week.'),
(61, 31, '2026-02-10 14:00:00', 39, 'Practice moved to Tuesday at 6pm. Let''s get ready for the game!'),
(62, 35, '2026-01-15 20:00:00', 36, 'Anyone available to cover for me at Saturday''s match?'),
(63, 58, '2025-08-09 10:00:00', 30, 'Anyone available to cover for me at Saturday''s match?'),
(64, 51, '2025-09-30 10:00:00', 15, 'Heads up: game rescheduled to next Thursday.'),
(65, 31, '2026-02-03 10:00:00', 39, 'Great win everyone! Keep the energy up for next week.'),
(66, 76, '2025-02-12 09:00:00', 13, 'Hope everyone''s feeling better, see you on the court soon.'),
(67, 59, '2025-09-30 04:00:00', 11, 'Team dinner after the game on Friday - who''s in?'),
(68, 64, '2025-02-08 06:00:00', 19, 'Don''t forget to bring water bottles tomorrow.'),
(69, 75, '2025-03-03 18:00:00', 22, 'Don''t forget to bring water bottles tomorrow.'),
(70, 63, '2025-02-07 11:00:00', 7, 'Great win everyone! Keep the energy up for next week.');

-- Dispute: 50 rows
INSERT INTO Dispute (id, admin_notes, game_id, submitted_by_team_id, dispute_type, status, description, resolution, resolution_date, is_resolved) VALUES
(1, 'Reviewed evidence and interviewed captains.', 25, 24, 'Score Dispute', 'Resolved', 'Home team disputes the final point awarded after a contested call.', 'Score adjusted after reviewing referee notes.', '2026-03-09 00:00:00', TRUE),
(2, NULL, 53, 57, 'Score Dispute', 'Pending', 'Home team disputes the final point awarded after a contested call.', NULL, NULL, FALSE),
(3, 'Reviewed evidence and interviewed captains.', 56, 59, 'Score Dispute', 'Resolved', 'Final point was scored after the buzzer, should not count.', 'Final point removed after review.', '2025-10-09 00:00:00', TRUE),
(4, NULL, 27, 25, 'Other', 'Pending', 'Ineligible player participated for opposing team.', NULL, NULL, FALSE),
(5, 'Reviewed evidence and interviewed captains.', 2, 4, 'Other', 'Resolved', 'Home team arrived 10 minutes late causing a delayed start. Away team requests forfeit.', 'Forfeit denied; game counts as played.', '2026-03-29 00:00:00', TRUE),
(6, 'Reviewed evidence and interviewed captains.', 44, 51, 'Score Dispute', 'Resolved', 'Final point was scored after the buzzer, should not count.', 'Final point removed after review.', '2025-10-11 00:00:00', TRUE),
(7, NULL, 58, 60, 'Score Dispute', 'Pending', 'Home team disputes the final point awarded after a contested call.', NULL, NULL, FALSE),
(8, 'Reviewed evidence and interviewed captains.', 54, 57, 'Score Dispute', 'Resolved', 'Away team believes the final score was recorded incorrectly.', 'Original score upheld after video review.', '2025-09-21 00:00:00', TRUE),
(9, 'Reviewed evidence and interviewed captains.', 17, 17, 'Other', 'Resolved', 'Ineligible player participated for opposing team.', 'Player confirmed eligible; no action taken.', '2026-04-18 23:59:59', TRUE),
(10, 'Reviewed evidence and interviewed captains.', 49, 54, 'Score Dispute', 'Resolved', 'Home team disputes the final point awarded after a contested call.', 'Score adjusted after reviewing referee notes.', '2025-10-01 00:00:00', TRUE),
(11, NULL, 39, 35, 'Other', 'Pending', 'Ineligible player participated for opposing team.', NULL, NULL, FALSE),
(12, 'Reviewed evidence and interviewed captains.', 63, 63, 'Score Dispute', 'Resolved', 'Home team disputes the final point awarded after a contested call.', 'Score adjusted after reviewing referee notes.', '2025-02-10 00:00:00', TRUE),
(13, NULL, 28, 24, 'Score Dispute', 'Pending', 'Away team believes the final score was recorded incorrectly.', NULL, NULL, FALSE),
(14, 'Reviewed evidence and interviewed captains.', 80, 79, 'Score Dispute', 'Resolved', 'Scorekeeper missed two goals in the second half.', 'Score updated to reflect missed goals.', '2025-03-05 00:00:00', TRUE),
(15, 'Reviewed evidence and interviewed captains.', 29, 27, 'Score Dispute', 'Resolved', 'Away team believes the final score was recorded incorrectly.', 'Original score upheld after video review.', '2026-04-13 00:00:00', TRUE),
(16, 'Reviewed evidence and interviewed captains.', 48, 53, 'Other', 'Resolved', 'Home team arrived 10 minutes late causing a delayed start. Away team requests forfeit.', 'Forfeit denied; game counts as played.', '2025-10-15 00:00:00', TRUE),
(17, NULL, 7, 8, 'Score Dispute', 'Pending', 'Scorekeeper missed two goals in the second half.', NULL, NULL, FALSE),
(18, 'Reviewed evidence and interviewed captains.', 10, 12, 'Score Dispute', 'Resolved', 'Home team disputes the final point awarded after a contested call.', 'Score adjusted after reviewing referee notes.', '2026-03-22 00:00:00', TRUE),
(19, NULL, 31, 29, 'Other', 'Pending', 'Venue lights failed mid-game, game was not properly concluded.', NULL, NULL, FALSE),
(20, 'Reviewed evidence and interviewed captains.', 60, 60, 'Other', 'Resolved', 'Ineligible player participated for opposing team.', 'Player confirmed eligible; no action taken.', '2025-03-29 00:00:00', TRUE),
(21, 'Reviewed evidence and interviewed captains.', 26, 25, 'Other', 'Resolved', 'Home team arrived 10 minutes late causing a delayed start. Away team requests forfeit.', 'Forfeit denied; game counts as played.', '2026-02-02 00:00:00', TRUE),
(22, NULL, 40, 35, 'Other', 'Pending', 'Home team arrived 10 minutes late causing a delayed start. Away team requests forfeit.', NULL, NULL, FALSE),
(23, 'Reviewed evidence and interviewed captains.', 18, 2, 'Score Dispute', 'Resolved', 'Away team believes the final score was recorded incorrectly.', 'Original score upheld after video review.', '2026-03-08 00:00:00', TRUE),
(24, NULL, 68, 66, 'Other', 'Pending', 'Venue lights failed mid-game, game was not properly concluded.', NULL, NULL, FALSE),
(25, NULL, 15, 17, 'Score Dispute', 'Pending', 'Home team disputes the final point awarded after a contested call.', NULL, NULL, FALSE),
(26, 'Reviewed evidence and interviewed captains.', 33, 31, 'Score Dispute', 'Resolved', 'Final point was scored after the buzzer, should not count.', 'Final point removed after review.', '2026-03-02 00:00:00', TRUE),
(27, 'Reviewed evidence and interviewed captains.', 22, 19, 'Score Dispute', 'Resolved', 'Final point was scored after the buzzer, should not count.', 'Final point removed after review.', '2026-02-08 00:00:00', TRUE),
(28, NULL, 61, 60, 'Other', 'Pending', 'Home team arrived 10 minutes late causing a delayed start. Away team requests forfeit.', NULL, NULL, FALSE),
(29, NULL, 74, 75, 'Score Dispute', 'Pending', 'Final point was scored after the buzzer, should not count.', NULL, NULL, FALSE),
(30, NULL, 62, 64, 'Score Dispute', 'Pending', 'Away team believes the final score was recorded incorrectly.', NULL, NULL, FALSE),
(31, NULL, 5, 7, 'Score Dispute', 'Pending', 'Scorekeeper missed two goals in the second half.', NULL, NULL, FALSE),
(32, 'Reviewed evidence and interviewed captains.', 21, 2, 'Other', 'Resolved', 'Ineligible player participated for opposing team.', 'Player confirmed eligible; no action taken.', '2026-04-03 00:00:00', TRUE),
(33, NULL, 3, 1, 'Score Dispute', 'Pending', 'Home team disputes the final point awarded after a contested call.', NULL, NULL, FALSE),
(34, NULL, 67, 66, 'Score Dispute', 'Pending', 'Away team believes the final score was recorded incorrectly.', NULL, NULL, FALSE),
(35, 'Reviewed evidence and interviewed captains.', 12, 14, 'Other', 'Resolved', 'Venue lights failed mid-game, game was not properly concluded.', 'Game results stand as recorded before lighting failure.', '2026-04-02 00:00:00', TRUE),
(36, 'Reviewed evidence and interviewed captains.', 52, 57, 'Other', 'Resolved', 'Home team arrived 10 minutes late causing a delayed start. Away team requests forfeit.', 'Forfeit denied; game counts as played.', '2025-09-21 00:00:00', TRUE),
(37, 'Reviewed evidence and interviewed captains.', 11, 12, 'Other', 'Resolved', 'Ineligible player participated for opposing team.', 'Player confirmed eligible; no action taken.', '2026-03-10 00:00:00', TRUE),
(38, 'Reviewed evidence and interviewed captains.', 8, 10, 'Other', 'Resolved', 'Venue lights failed mid-game, game was not properly concluded.', 'Game results stand as recorded before lighting failure.', '2026-04-15 00:00:00', TRUE),
(39, 'Reviewed evidence and interviewed captains.', 78, 77, 'Score Dispute', 'Resolved', 'Away team believes the final score was recorded incorrectly.', 'Original score upheld after video review.', '2025-03-15 00:00:00', TRUE),
(40, 'Reviewed evidence and interviewed captains.', 65, 66, 'Score Dispute', 'Resolved', 'Scorekeeper missed two goals in the second half.', 'Score updated to reflect missed goals.', '2025-02-19 00:00:00', TRUE),
(41, 'Reviewed evidence and interviewed captains.', 41, 38, 'Score Dispute', 'Resolved', 'Away team believes the final score was recorded incorrectly.', 'Original score upheld after video review.', '2026-02-28 00:00:00', TRUE),
(42, 'Reviewed evidence and interviewed captains.', 32, 31, 'Score Dispute', 'Resolved', 'Away team believes the final score was recorded incorrectly.', 'Original score upheld after video review.', '2026-02-07 00:00:00', TRUE),
(43, NULL, 72, 72, 'Score Dispute', 'Pending', 'Home team disputes the final point awarded after a contested call.', NULL, NULL, FALSE),
(44, 'Reviewed evidence and interviewed captains.', 30, 29, 'Score Dispute', 'Resolved', 'Home team disputes the final point awarded after a contested call.', 'Score adjusted after reviewing referee notes.', '2026-02-15 00:00:00', TRUE),
(45, NULL, 66, 65, 'Score Dispute', 'Pending', 'Home team disputes the final point awarded after a contested call.', NULL, NULL, FALSE),
(46, 'Reviewed evidence and interviewed captains.', 35, 33, 'Score Dispute', 'Resolved', 'Home team disputes the final point awarded after a contested call.', 'Score adjusted after reviewing referee notes.', '2026-04-10 00:00:00', TRUE),
(47, 'Reviewed evidence and interviewed captains.', 69, 68, 'Other', 'Resolved', 'Home team arrived 10 minutes late causing a delayed start. Away team requests forfeit.', 'Forfeit denied; game counts as played.', '2025-02-08 00:00:00', TRUE),
(48, 'Reviewed evidence and interviewed captains.', 59, 61, 'Other', 'Resolved', 'Ineligible player participated for opposing team.', 'Player confirmed eligible; no action taken.', '2025-03-10 00:00:00', TRUE),
(49, NULL, 14, 14, 'Score Dispute', 'Pending', 'Scorekeeper missed two goals in the second half.', NULL, NULL, FALSE),
(50, 'Reviewed evidence and interviewed captains.', 57, 58, 'Score Dispute', 'Resolved', 'Away team believes the final score was recorded incorrectly.', 'Original score upheld after video review.', '2025-10-27 00:00:00', TRUE);

-- Score_Submission: 81 rows
INSERT INTO Score_Submission (id, player_id, game_id, home_score, away_score, status, submission_date, dispute_reason, is_disputed) VALUES
(1, 2, 2, 5, 3, 'Reviewed', '2026-03-23 22:57:00', '', FALSE),
(2, 36, 3, 0, 5, 'Reviewed', '2026-04-14 22:07:00', '', FALSE),
(3, 31, 5, 4, 5, 'Reviewed', '2026-03-10 19:07:00', '', FALSE),
(4, 26, 5, 5, 6, 'Reviewed', '2026-03-10 19:18:00', 'Discrepancy in recorded score.', TRUE),
(5, 17, 6, 4, 3, 'Reviewed', '2026-02-02 19:02:00', '', FALSE),
(6, 5, 8, 43, 79, 'Reviewed', '2026-04-11 21:05:00', '', FALSE),
(7, 37, 10, 47, 78, 'Reviewed', '2026-03-16 20:47:00', '', FALSE),
(8, 30, 10, 47, 78, 'Reviewed', '2026-03-16 20:27:00', '', FALSE),
(9, 30, 11, 1, 0, 'Reviewed', '2026-03-06 22:00:00', '', FALSE),
(10, 8, 12, 45, 43, 'Reviewed', '2026-03-31 19:41:00', '', FALSE),
(11, 8, 13, 45, 46, 'Reviewed', '2026-03-21 19:41:00', '', FALSE),
(12, 4, 14, 55, 84, 'Reviewed', '2026-04-13 22:47:00', '', FALSE),
(13, 25, 15, 3, 2, 'Reviewed', '2026-03-18 21:53:00', '', FALSE),
(14, 14, 16, 2, 1, 'Reviewed', '2026-03-12 19:11:00', '', FALSE),
(15, 18, 19, 3, 2, 'Reviewed', '2026-02-22 20:06:00', '', FALSE),
(16, 20, 19, 3, 2, 'Pending', '2026-02-22 20:39:00', '', FALSE),
(17, 5, 21, 3, 2, 'Reviewed', '2026-03-28 20:41:00', '', FALSE),
(18, 17, 22, 3, 1, 'Reviewed', '2026-01-30 19:14:00', '', FALSE),
(19, 2, 22, 4, 2, 'Reviewed', '2026-01-30 19:03:00', 'Discrepancy in recorded score.', TRUE),
(20, 16, 24, 16, 3, 'Reviewed', '2026-04-09 20:57:00', '', FALSE),
(21, 14, 27, 0, 1, 'Reviewed', '2026-04-11 22:31:00', '', FALSE),
(22, 14, 28, 0, 1, 'Reviewed', '2026-01-29 19:19:00', '', FALSE),
(23, 4, 29, 8, 11, 'Reviewed', '2026-04-06 22:09:00', '', FALSE),
(24, 4, 30, 3, 1, 'Reviewed', '2026-02-07 21:08:00', '', FALSE),
(25, 17, 30, 3, 1, 'Pending', '2026-02-07 21:02:00', '', FALSE),
(26, 39, 32, 6, 3, 'Reviewed', '2026-02-04 22:12:00', '', FALSE),
(27, 33, 32, 7, 2, 'Reviewed', '2026-02-04 22:53:00', 'Discrepancy in recorded score.', TRUE),
(28, 9, 34, 3, 2, 'Reviewed', '2026-03-08 21:09:00', '', FALSE),
(29, 11, 35, 8, 7, 'Reviewed', '2026-04-06 21:32:00', '', FALSE),
(30, 28, 36, 2, 1, 'Reviewed', '2026-02-09 19:04:00', '', FALSE),
(31, 1, 36, 2, 1, 'Reviewed', '2026-02-09 19:24:00', '', FALSE),
(32, 36, 38, 3, 1, 'Reviewed', '2026-03-14 21:51:00', '', FALSE),
(33, 36, 40, 2, 3, 'Reviewed', '2026-01-27 22:36:00', '', FALSE),
(34, 25, 41, 3, 2, 'Reviewed', '2026-02-21 22:34:00', '', FALSE),
(35, 15, 44, 4, 2, 'Reviewed', '2025-10-02 21:27:00', '', FALSE),
(36, 33, 45, 0, 4, 'Reviewed', '2025-09-11 20:25:00', '', FALSE),
(37, 15, 45, 0, 4, 'Reviewed', '2025-09-11 20:46:00', '', FALSE),
(38, 40, 46, 83, 89, 'Reviewed', '2025-10-18 20:42:00', '', FALSE),
(39, 24, 46, 84, 90, 'Reviewed', '2025-10-18 20:42:00', 'Discrepancy in recorded score.', TRUE),
(40, 3, 47, 59, 76, 'Reviewed', '2025-08-29 19:55:00', '', FALSE),
(41, 40, 48, 38, 47, 'Reviewed', '2025-10-07 19:01:00', '', FALSE),
(42, 5, 49, 3, 2, 'Reviewed', '2025-09-29 21:43:00', '', FALSE),
(43, 32, 49, 3, 2, 'Reviewed', '2025-09-29 21:42:00', '', FALSE),
(44, 24, 51, 2, 1, 'Reviewed', '2025-10-16 19:23:00', '', FALSE),
(45, 11, 52, 24, 38, 'Reviewed', '2025-09-15 20:25:00', '', FALSE),
(46, 31, 53, 14, 28, 'Reviewed', '2025-09-08 22:11:00', '', FALSE),
(47, 17, 54, 0, 20, 'Reviewed', '2025-09-16 20:35:00', '', FALSE),
(48, 11, 54, 0, 20, 'Reviewed', '2025-09-16 20:41:00', '', FALSE),
(49, 11, 55, 6, 2, 'Reviewed', '2025-09-28 19:45:00', '', FALSE),
(50, 11, 56, 0, 4, 'Reviewed', '2025-10-01 21:14:00', '', FALSE),
(51, 31, 57, 2, 4, 'Reviewed', '2025-10-19 22:47:00', '', FALSE),
(52, 5, 58, 4, 5, 'Reviewed', '2025-03-20 21:54:00', '', FALSE),
(53, 20, 59, 3, 2, 'Reviewed', '2025-03-02 22:51:00', '', FALSE),
(54, 20, 60, 5, 4, 'Reviewed', '2025-03-22 21:40:00', '', FALSE),
(55, 20, 61, 3, 1, 'Reviewed', '2025-02-15 20:29:00', '', FALSE),
(56, 5, 61, 3, 1, 'Pending', '2025-02-15 20:12:00', '', FALSE),
(57, 19, 63, 84, 52, 'Reviewed', '2025-02-08 21:08:00', '', FALSE),
(58, 7, 64, 41, 81, 'Reviewed', '2025-03-16 20:25:00', '', FALSE),
(59, 36, 65, 10, 9, 'Reviewed', '2025-02-15 21:02:00', '', FALSE),
(60, 31, 66, 7, 11, 'Reviewed', '2025-02-10 20:29:00', '', FALSE),
(61, 30, 67, 8, 13, 'Reviewed', '2025-02-12 21:27:00', '', FALSE),
(62, 36, 68, 9, 8, 'Reviewed', '2025-02-10 19:39:00', '', FALSE),
(63, 30, 68, 9, 8, 'Reviewed', '2025-02-10 19:58:00', '', FALSE),
(64, 18, 69, 3, 2, 'Reviewed', '2025-02-05 20:10:00', '', FALSE),
(65, 17, 69, 4, 1, 'Reviewed', '2025-02-05 20:07:00', 'Discrepancy in recorded score.', TRUE),
(66, 6, 70, 3, 2, 'Reviewed', '2025-03-14 21:46:00', '', FALSE),
(67, 32, 71, 4, 1, 'Reviewed', '2025-02-09 19:06:00', '', FALSE),
(68, 8, 72, 1, 0, 'Reviewed', '2025-02-14 20:51:00', '', FALSE),
(69, 32, 73, 5, 2, 'Reviewed', '2025-02-26 19:59:00', '', FALSE),
(70, 29, 74, 11, 12, 'Reviewed', '2025-03-22 22:16:00', '', FALSE),
(71, 22, 74, 12, 11, 'Reviewed', '2025-03-22 22:07:00', 'Discrepancy in recorded score.', TRUE),
(72, 29, 75, 4, 7, 'Reviewed', '2025-02-28 21:07:00', '', FALSE),
(73, 22, 75, 5, 6, 'Reviewed', '2025-02-28 21:35:00', 'Discrepancy in recorded score.', TRUE),
(74, 13, 76, 0, 1, 'Reviewed', '2025-02-05 21:53:00', '', FALSE),
(75, 5, 76, 1, 2, 'Reviewed', '2025-02-05 21:00:00', 'Discrepancy in recorded score.', TRUE),
(76, 19, 77, 1, 2, 'Reviewed', '2025-01-27 20:31:00', '', FALSE),
(77, 13, 78, 2, 1, 'Reviewed', '2025-03-12 22:51:00', '', FALSE),
(78, 24, 79, 2, 1, 'Reviewed', '2025-03-14 20:11:00', '', FALSE),
(79, 3, 79, 2, 1, 'Pending', '2025-03-14 20:10:00', '', FALSE),
(80, 24, 80, 2, 0, 'Reviewed', '2025-02-28 22:25:00', '', FALSE),
(81, 3, 80, 1, 1, 'Reviewed', '2025-02-28 22:33:00', 'Discrepancy in recorded score.', TRUE);

-- Venue_Review: 70 rows
INSERT INTO Venue_Review (id, field_quality_rating, venue_id, player_id, game_id, lighting_rating, text, parking_rating, overall_rating, last_reviewed_date) VALUES
(1, 5, 11, 1, 19, 4, 'Facility was top-notch, as good as any I''ve played at.', 5, 3, '2026-02-23 16:00:00'),
(2, 4, 19, 4, 29, 3, 'Bathrooms were closed, needs maintenance.', 5, 4, '2026-04-07 19:00:00'),
(3, 5, 20, 30, 66, 2, 'Field conditions were excellent. Smooth gameplay.', 3, 5, '2025-02-11 12:00:00'),
(4, 4, 7, 36, 10, 4, 'Facility was top-notch, as good as any I''ve played at.', 5, 4, '2026-03-16 23:00:00'),
(5, 4, 26, 31, 56, 2, 'Facility was top-notch, as good as any I''ve played at.', 4, 2, '2025-10-02 16:00:00'),
(6, 4, 7, 7, 46, 3, 'Loved the layout and the vibe. Great game spot.', 2, 5, '2025-10-18 21:00:00'),
(7, 2, 26, 11, 35, 3, 'Court was clean and well maintained. Could use better seating for spectators.', 1, 3, '2026-04-07 13:00:00'),
(8, 3, 11, 20, 19, 4, 'Could use a scoreboard upgrade. Otherwise solid.', 3, 3, '2026-02-23 00:00:00'),
(9, 3, 17, 14, 28, 2, 'Surface was slippery in spots after the rain.', 2, 5, '2026-01-30 09:00:00'),
(10, 3, 23, 32, 72, 4, 'Field conditions were excellent. Smooth gameplay.', 4, 5, '2025-02-15 01:00:00'),
(11, 4, 23, 9, 34, 2, 'Court was clean and well maintained. Could use better seating for spectators.', 1, 2, '2026-03-09 16:00:00'),
(12, 5, 28, 19, 77, 4, 'Great field, very well lit for an evening game. Parking was a bit tight.', 2, 5, '2025-01-28 08:00:00'),
(13, 5, 11, 24, 80, 3, 'Great field, very well lit for an evening game. Parking was a bit tight.', 3, 2, '2025-03-01 05:00:00'),
(14, 5, 15, 31, 54, 3, 'Decent venue but the changing rooms could use some attention.', 3, 3, '2025-09-17 05:00:00'),
(15, 5, 14, 5, 51, 4, 'Wonderful atmosphere, friendly staff, would play here again.', 4, 3, '2025-10-17 12:00:00'),
(16, 3, 13, 25, 16, 5, 'Field conditions were excellent. Smooth gameplay.', 3, 3, '2026-03-13 03:00:00'),
(17, 4, 7, 4, 46, 2, 'Surface was slippery in spots after the rain.', 1, 5, '2025-10-19 02:00:00'),
(18, 3, 22, 6, 70, 4, 'Loved the layout and the vibe. Great game spot.', 5, 5, '2025-03-15 02:00:00'),
(19, 2, 9, 3, 47, 3, 'Bathrooms were closed, needs maintenance.', 3, 2, '2025-08-30 08:00:00'),
(20, 3, 8, 30, 11, 5, 'Best field we have played on all season. No complaints.', 3, 2, '2026-03-07 00:00:00'),
(21, 3, 11, 3, 80, 2, 'Best field we have played on all season. No complaints.', 3, 3, '2025-03-01 13:00:00'),
(22, 4, 12, 18, 21, 2, 'Field conditions were excellent. Smooth gameplay.', 2, 5, '2026-03-29 16:00:00'),
(23, 5, 1, 2, 7, 2, 'Pretty good overall but hard to find parking on game day.', 3, 5, '2026-04-17 04:00:00'),
(24, 2, 22, 4, 30, 3, 'Decent venue but the changing rooms could use some attention.', 1, 2, '2026-02-08 00:00:00'),
(25, 3, 30, 4, 48, 5, 'Bathrooms were closed, needs maintenance.', 1, 2, '2025-10-07 19:00:00'),
(26, 4, 8, 36, 11, 2, 'Court was clean and well maintained. Could use better seating for spectators.', 1, 5, '2026-03-07 01:00:00'),
(27, 5, 25, 31, 55, 2, 'Best field we have played on all season. No complaints.', 2, 3, '2025-09-29 14:00:00'),
(28, 2, 28, 20, 41, 4, 'Lighting was dim in the far corner of the court.', 1, 4, '2026-02-22 03:00:00'),
(29, 3, 28, 19, 41, 2, 'Wonderful atmosphere, friendly staff, would play here again.', 2, 2, '2026-02-22 05:00:00'),
(30, 4, 15, 31, 52, 2, 'Great field, very well lit for an evening game. Parking was a bit tight.', 2, 2, '2025-09-16 08:00:00'),
(31, 4, 25, 1, 36, 4, 'Great field, very well lit for an evening game. Parking was a bit tight.', 3, 2, '2026-02-10 14:00:00'),
(32, 5, 15, 17, 52, 4, 'Facility was top-notch, as good as any I''ve played at.', 3, 5, '2025-09-16 18:00:00'),
(33, 4, 9, 4, 47, 5, 'Pretty good overall but hard to find parking on game day.', 3, 5, '2025-08-30 06:00:00'),
(34, 3, 15, 17, 54, 5, 'Field conditions were excellent. Smooth gameplay.', 4, 5, '2025-09-16 23:00:00'),
(35, 2, 17, 26, 25, 3, 'Could use a scoreboard upgrade. Otherwise solid.', 5, 4, '2026-02-28 19:00:00'),
(36, 5, 24, 32, 71, 3, 'Decent venue but the changing rooms could use some attention.', 1, 2, '2025-02-10 13:00:00'),
(37, 2, 25, 11, 57, 2, 'Pretty good overall but hard to find parking on game day.', 5, 4, '2025-10-20 18:00:00'),
(38, 5, 17, 5, 28, 4, 'Lighting was dim in the far corner of the court.', 5, 2, '2026-01-30 09:00:00'),
(39, 5, 6, 8, 12, 4, 'Could use a scoreboard upgrade. Otherwise solid.', 5, 5, '2026-04-01 01:00:00'),
(40, 5, 27, 38, 76, 4, 'Bathrooms were closed, needs maintenance.', 1, 5, '2025-02-06 12:00:00'),
(41, 4, 11, 5, 19, 4, 'Court was clean and well maintained. Could use better seating for spectators.', 5, 3, '2026-02-23 14:00:00'),
(42, 4, 15, 11, 52, 4, 'Lighting was dim in the far corner of the court.', 3, 5, '2025-09-16 13:00:00'),
(43, 3, 5, 2, 6, 3, 'Court was clean and well maintained. Could use better seating for spectators.', 5, 4, '2026-02-03 10:00:00'),
(44, 3, 27, 13, 76, 3, 'Surface was slippery in spots after the rain.', 2, 3, '2025-02-06 00:00:00'),
(45, 5, 9, 30, 9, 3, 'Loved the layout and the vibe. Great game spot.', 1, 4, '2026-02-20 08:00:00'),
(46, 4, 5, 33, 45, 5, 'Court was clean and well maintained. Could use better seating for spectators.', 4, 3, '2025-09-12 17:00:00'),
(47, 4, 11, 24, 49, 5, 'Court was clean and well maintained. Could use better seating for spectators.', 3, 4, '2025-09-30 17:00:00'),
(48, 4, 13, 20, 16, 5, 'Loved the layout and the vibe. Great game spot.', 1, 4, '2026-03-13 06:00:00'),
(49, 4, 25, 30, 57, 5, 'Bathrooms were closed, needs maintenance.', 1, 5, '2025-10-20 17:00:00'),
(50, 5, 14, 2, 51, 3, 'Field conditions were excellent. Smooth gameplay.', 5, 3, '2025-10-16 18:00:00'),
(51, 3, 22, 18, 70, 4, 'Lighting was dim in the far corner of the court.', 5, 3, '2025-03-15 15:00:00'),
(52, 4, 14, 24, 51, 4, 'Field conditions were excellent. Smooth gameplay.', 4, 4, '2025-10-16 18:00:00'),
(53, 3, 15, 11, 54, 2, 'Could use a scoreboard upgrade. Otherwise solid.', 3, 2, '2025-09-17 13:00:00'),
(54, 3, 11, 18, 19, 4, 'Bathrooms were closed, needs maintenance.', 5, 4, '2026-02-23 05:00:00'),
(55, 4, 23, 13, 33, 3, 'Wonderful atmosphere, friendly staff, would play here again.', 4, 2, '2026-02-28 11:00:00'),
(56, 5, 27, 19, 76, 2, 'Decent venue but the changing rooms could use some attention.', 2, 5, '2025-02-06 05:00:00'),
(57, 4, 16, 33, 24, 2, 'Bathrooms were closed, needs maintenance.', 4, 5, '2026-04-10 06:00:00'),
(58, 2, 12, 20, 21, 4, 'Pretty good overall but hard to find parking on game day.', 4, 4, '2026-03-29 06:00:00'),
(59, 3, 30, 40, 48, 5, 'Could use a scoreboard upgrade. Otherwise solid.', 2, 3, '2025-10-08 16:00:00'),
(60, 4, 1, 36, 3, 2, 'Loved the layout and the vibe. Great game spot.', 2, 4, '2026-04-14 23:00:00'),
(61, 2, 24, 32, 73, 5, 'Pretty good overall but hard to find parking on game day.', 4, 5, '2025-02-27 09:00:00'),
(62, 2, 3, 39, 2, 2, 'Could use a scoreboard upgrade. Otherwise solid.', 5, 5, '2026-03-24 11:00:00'),
(63, 5, 7, 24, 46, 5, 'Lighting was dim in the far corner of the court.', 2, 2, '2025-10-19 09:00:00'),
(64, 5, 19, 36, 68, 5, 'Best field we have played on all season. No complaints.', 5, 2, '2025-02-11 15:00:00'),
(65, 3, 1, 1, 3, 3, 'Pretty good overall but hard to find parking on game day.', 5, 2, '2026-04-15 18:00:00'),
(66, 4, 24, 9, 32, 4, 'Field conditions were excellent. Smooth gameplay.', 4, 5, '2026-02-05 00:00:00'),
(67, 2, 5, 15, 45, 3, 'Court was clean and well maintained. Could use better seating for spectators.', 5, 2, '2025-09-11 22:00:00'),
(68, 5, 5, 17, 6, 2, 'Field conditions were excellent. Smooth gameplay.', 2, 5, '2026-02-02 19:00:00'),
(69, 3, 18, 32, 27, 4, 'Lighting was dim in the far corner of the court.', 1, 5, '2026-04-12 15:00:00'),
(70, 3, 5, 20, 58, 5, 'Great field, very well lit for an evening game. Parking was a bit tight.', 2, 4, '2025-03-21 06:00:00');

-- Notification: 75 rows
INSERT INTO Notification (id, is_read, sent_at, message, game_id, player_id, league_id, notification_type) VALUES
(1, FALSE, '2026-01-07 09:00:00', 'League registration is now open!', NULL, 34, 1, 'Banner'),
(2, TRUE, '2026-01-14 09:00:00', 'Welcome to the league! Season starts soon.', NULL, 17, 6, 'Banner'),
(3, TRUE, '2025-01-24 09:00:00', 'Welcome to the league! Season starts soon.', NULL, 26, 33, 'Email'),
(4, TRUE, '2026-01-20 09:00:00', 'League registration closes in 3 days.', NULL, 20, 16, 'Banner'),
(5, TRUE, '2026-03-23 09:00:00', 'Welcome to the league! Season starts soon.', NULL, 17, 20, 'Email'),
(6, TRUE, '2025-01-17 09:00:00', 'Welcome to the league! Season starts soon.', NULL, 24, 30, 'Email'),
(7, FALSE, '2026-04-01 00:00:00', 'Your team has a new message.', NULL, 22, NULL, 'Email'),
(8, FALSE, '2026-02-22 00:00:00', 'Your team has a new message.', NULL, 1, NULL, 'Banner'),
(9, TRUE, '2026-04-03 20:00:00', 'Reminder: Your game is coming up tomorrow.', 29, 18, 12, 'Email'),
(10, FALSE, '2025-01-13 09:00:00', 'Your free agent request status changed.', NULL, 40, 30, 'Banner'),
(11, TRUE, '2026-01-08 09:00:00', 'League registration is now open!', NULL, 14, 4, 'Email'),
(12, TRUE, '2026-03-13 18:00:00', 'Reminder: Your game is coming up tomorrow.', 10, 9, 5, 'Email'),
(13, FALSE, '2026-03-13 19:00:00', 'Dispute update on your recent game.', 38, 15, 16, 'Email'),
(14, TRUE, '2025-02-12 19:00:00', 'Your next match has been scheduled.', 67, 14, 30, 'Email'),
(15, FALSE, '2025-09-15 18:00:00', 'Game result posted.', 54, 4, 26, 'Banner'),
(16, FALSE, '2026-03-19 19:00:00', 'Dispute update on your recent game.', 20, 28, 8, 'Email'),
(17, FALSE, '2025-03-18 19:00:00', 'Reminder: Your game is coming up tomorrow.', 58, 11, 28, 'Banner'),
(18, TRUE, '2026-04-03 09:00:00', 'Welcome to the league! Season starts soon.', NULL, 10, 20, 'Email'),
(19, TRUE, '2025-10-16 17:00:00', 'Your next match has been scheduled.', 51, 15, 25, 'Email'),
(20, TRUE, '2025-01-19 09:00:00', 'League registration closes in 3 days.', NULL, 15, 35, 'Banner'),
(21, FALSE, '2025-09-29 19:00:00', 'Your next match has been scheduled.', 56, 12, 27, 'Email'),
(22, FALSE, '2026-03-11 17:00:00', 'Reminder: Your game is coming up tomorrow.', 16, 23, 7, 'Email'),
(23, FALSE, '2025-08-05 09:00:00', 'League registration closes in 3 days.', NULL, 32, 23, 'Banner'),
(24, FALSE, '2025-02-06 19:00:00', 'Game result posted.', 63, 13, 29, 'Email'),
(25, FALSE, '2025-01-10 09:00:00', 'League registration is now open!', NULL, 9, 31, 'Email'),
(26, FALSE, '2026-01-13 09:00:00', 'Your free agent request status changed.', NULL, 20, 3, 'Email'),
(27, TRUE, '2025-10-16 00:00:00', 'Your team has a new message.', NULL, 13, NULL, 'Banner'),
(28, FALSE, '2026-02-12 00:00:00', 'Your team has a new message.', NULL, 29, NULL, 'Email'),
(29, TRUE, '2026-02-16 19:00:00', 'Game result posted.', 9, 20, 5, 'Email'),
(30, TRUE, '2025-10-13 17:00:00', 'Your next match has been scheduled.', 51, 39, 25, 'Email'),
(31, FALSE, '2026-01-09 09:00:00', 'Welcome to the league! Season starts soon.', NULL, 38, 7, 'Email'),
(32, TRUE, '2025-10-18 18:00:00', 'Your score submission was reviewed.', 46, 37, 24, 'Email'),
(33, TRUE, '2026-01-12 00:00:00', 'Your team has a new message.', NULL, 11, NULL, 'Banner'),
(34, TRUE, '2026-01-10 09:00:00', 'League registration closes in 3 days.', NULL, 10, 17, 'Email'),
(35, FALSE, '2025-03-14 18:00:00', 'Game result posted.', 64, 10, 29, 'Email'),
(36, FALSE, '2026-03-14 00:00:00', 'Your team has a new message.', NULL, 30, NULL, 'Banner'),
(37, TRUE, '2026-03-13 00:00:00', 'Your team has a new message.', NULL, 13, NULL, 'Email'),
(38, FALSE, '2025-01-13 09:00:00', 'League registration is now open!', NULL, 35, 33, 'Email'),
(39, FALSE, '2025-02-07 19:00:00', 'Game result posted.', 63, 4, 29, 'Email'),
(40, FALSE, '2026-03-17 19:00:00', 'Game result posted.', 20, 11, 8, 'Banner'),
(41, TRUE, '2025-02-12 19:00:00', 'Your score submission was reviewed.', 67, 40, 30, 'Email'),
(42, TRUE, '2026-01-28 17:00:00', 'Game result posted.', 28, 38, 11, 'Email'),
(43, TRUE, '2026-03-23 09:00:00', 'League registration is now open!', NULL, 5, 22, 'Email'),
(44, FALSE, '2026-01-21 09:00:00', 'League registration closes in 3 days.', NULL, 22, 6, 'Email'),
(45, TRUE, '2025-09-05 20:00:00', 'Reminder: Your game is coming up tomorrow.', 53, 21, 26, 'Email'),
(46, FALSE, '2026-01-29 17:00:00', 'Your next match has been scheduled.', 22, 33, 9, 'Email'),
(47, TRUE, '2026-01-17 09:00:00', 'League registration is now open!', NULL, 13, 15, 'Email'),
(48, FALSE, '2026-03-07 17:00:00', 'Reminder: Your game is coming up tomorrow.', 5, 31, 2, 'Banner'),
(49, FALSE, '2026-02-18 19:00:00', 'Game result posted.', 9, 39, 5, 'Email'),
(50, FALSE, '2026-04-02 00:00:00', 'Your team has a new message.', NULL, 27, NULL, 'Email'),
(51, FALSE, '2026-03-03 19:00:00', 'Dispute update on your recent game.', 18, 32, 8, 'Banner'),
(52, TRUE, '2025-02-04 19:00:00', 'Reminder: Your game is coming up tomorrow.', 76, 30, 34, 'Banner'),
(53, FALSE, '2026-01-04 09:00:00', 'Your free agent request status changed.', NULL, 35, 8, 'Banner'),
(54, TRUE, '2026-01-19 09:00:00', 'League registration is now open!', NULL, 16, 13, 'Email'),
(55, FALSE, '2026-04-13 17:00:00', 'Dispute update on your recent game.', 7, 37, 3, 'Banner'),
(56, TRUE, '2026-01-12 00:00:00', 'Your team has a new message.', NULL, 25, NULL, 'Banner'),
(57, TRUE, '2026-03-20 09:00:00', 'Your free agent request status changed.', NULL, 28, 20, 'Email'),
(58, FALSE, '2025-09-13 18:00:00', 'Game result posted.', 54, 31, 26, 'Banner'),
(59, TRUE, '2025-03-13 19:00:00', 'Your next match has been scheduled.', 70, 22, 31, 'Banner'),
(60, TRUE, '2026-03-08 17:00:00', 'Dispute update on your recent game.', 5, 40, 2, 'Banner'),
(61, TRUE, '2025-09-07 20:00:00', 'Your next match has been scheduled.', 53, 29, 26, 'Email'),
(62, TRUE, '2025-08-24 20:00:00', 'Your score submission was reviewed.', 50, 12, 25, 'Email'),
(63, FALSE, '2026-04-15 00:00:00', 'Your team has a new message.', NULL, 11, NULL, 'Banner'),
(64, FALSE, '2026-04-05 09:00:00', 'League registration closes in 3 days.', NULL, 32, 21, 'Email'),
(65, TRUE, '2025-02-10 17:00:00', 'Your next match has been scheduled.', 68, 26, 30, 'Email'),
(66, FALSE, '2025-02-28 20:00:00', 'Game result posted.', 59, 16, 28, 'Email'),
(67, FALSE, '2025-08-05 09:00:00', 'Welcome to the league! Season starts soon.', NULL, 33, 25, 'Banner'),
(68, TRUE, '2025-02-08 18:00:00', 'Your score submission was reviewed.', 66, 5, 30, 'Banner'),
(69, FALSE, '2026-03-22 00:00:00', 'Your team has a new message.', NULL, 20, NULL, 'Email'),
(70, TRUE, '2025-08-29 17:00:00', 'Dispute update on your recent game.', 47, 32, 24, 'Email'),
(71, FALSE, '2025-01-11 09:00:00', 'Welcome to the league! Season starts soon.', NULL, 25, 29, 'Email'),
(72, TRUE, '2026-01-09 09:00:00', 'Your free agent request status changed.', NULL, 30, 3, 'Email'),
(73, FALSE, '2026-01-19 09:00:00', 'League registration closes in 3 days.', NULL, 10, 13, 'Email'),
(74, FALSE, '2025-02-03 19:00:00', 'Your score submission was reviewed.', 76, 12, 34, 'Email'),
(75, FALSE, '2026-01-15 09:00:00', 'League registration closes in 3 days.', NULL, 35, 2, 'Banner');

-- Player_Game_Stats: 128 rows
INSERT INTO Player_Game_Stats (id, points, goals_scored, player_id, game_id, assists, attended, wins) VALUES
(1, 12, 2, 32, 73, 5, TRUE, 1),
(2, 0, 0, 8, 73, 4, TRUE, 0),
(3, NULL, 2, 39, 3, 1, TRUE, 0),
(4, 0, 0, 36, 3, 0, FALSE, 0),
(5, NULL, 0, 2, 3, 1, TRUE, 1),
(6, NULL, 1, 1, 3, 2, TRUE, 1),
(7, NULL, 3, 15, 44, 2, TRUE, 1),
(8, NULL, 2, 33, 44, 1, TRUE, 0),
(9, 16, NULL, 8, 12, 6, TRUE, 1),
(10, 10, NULL, 4, 12, 1, TRUE, 0),
(11, 7, 3, 36, 65, 3, TRUE, 1),
(12, 4, 1, 30, 65, 1, TRUE, 0),
(13, NULL, 2, 2, 7, 0, TRUE, 0),
(14, NULL, 1, 17, 7, 2, TRUE, 0),
(15, 19, NULL, 37, 10, 8, TRUE, 0),
(16, 6, NULL, 36, 10, 3, TRUE, 0),
(17, 2, NULL, 40, 10, 5, TRUE, 1),
(18, 16, NULL, 30, 10, 1, TRUE, 1),
(19, 4, 3, 6, 70, 2, TRUE, 1),
(20, 14, 0, 14, 70, 0, TRUE, 1),
(21, 7, 2, 18, 70, 5, TRUE, 0),
(22, NULL, 1, 1, 2, 1, TRUE, 1),
(23, NULL, 0, 2, 2, 0, TRUE, 1),
(24, NULL, 0, 36, 2, 2, TRUE, 0),
(25, NULL, 0, 39, 2, 2, TRUE, 0),
(26, 18, NULL, 5, 8, 6, TRUE, 0),
(27, 0, 0, 8, 8, 0, FALSE, 0),
(28, 8, NULL, 18, 8, 1, TRUE, 1),
(29, NULL, 3, 31, 5, 0, TRUE, 0),
(30, NULL, 1, 12, 5, 0, TRUE, 0),
(31, NULL, 0, 18, 5, 2, TRUE, 1),
(32, NULL, 0, 26, 5, 1, TRUE, 1),
(33, 9, 0, 19, 33, 5, TRUE, 0),
(34, 0, 0, 13, 33, 2, TRUE, 0),
(35, 8, 2, 39, 33, 5, TRUE, 0),
(36, 0, 0, 20, 21, 0, FALSE, 0),
(37, 1, NULL, 1, 21, 2, TRUE, 1),
(38, 0, NULL, 18, 21, 7, TRUE, 0),
(39, 4, NULL, 14, 16, 5, TRUE, 1),
(40, 0, 0, 25, 16, 0, FALSE, 0),
(41, 15, NULL, 20, 16, 2, TRUE, 0),
(42, 8, 0, 16, 24, 1, TRUE, 1),
(43, 13, 3, 33, 24, 1, TRUE, 1),
(44, 6, 3, 29, 24, 0, TRUE, 0),
(45, 2, 3, 22, 24, 0, TRUE, 0),
(46, 14, 3, 11, 36, 5, TRUE, 1),
(47, 0, 0, 28, 36, 0, FALSE, 0),
(48, 11, 3, 1, 36, 0, TRUE, 0),
(49, 18, NULL, 40, 9, 7, TRUE, 0),
(50, 18, NULL, 30, 9, 0, TRUE, 0),
(51, 7, NULL, 36, 9, 7, TRUE, 0),
(52, 15, NULL, 37, 9, 2, TRUE, 0),
(53, 7, 1, 9, 34, 0, TRUE, 1),
(54, 7, 0, 33, 34, 1, TRUE, 1),
(55, 1, 3, 39, 34, 0, TRUE, 0),
(56, 1, 3, 31, 52, 2, TRUE, 0),
(57, 14, 0, 11, 52, 3, TRUE, 0),
(58, 5, 2, 17, 52, 0, TRUE, 1),
(59, 0, 0, 18, 19, 0, FALSE, 0),
(60, 2, NULL, 5, 19, 8, TRUE, 0),
(61, 2, NULL, 20, 19, 0, TRUE, 0),
(62, 0, 1, 36, 68, 0, TRUE, 1),
(63, 6, 3, 30, 68, 0, TRUE, 0),
(64, 11, 0, 36, 38, 0, TRUE, 1),
(65, 3, 0, 3, 38, 2, TRUE, 0),
(66, 4, 3, 28, 35, 4, TRUE, 1),
(67, 10, 1, 11, 35, 0, TRUE, 1),
(68, 6, 3, 1, 35, 3, TRUE, 0),
(69, 0, 0, 40, 47, 0, FALSE, 0),
(70, 0, NULL, 7, 47, 2, TRUE, 0),
(71, 13, NULL, 3, 47, 0, TRUE, 0),
(72, 4, NULL, 24, 47, 4, TRUE, 1),
(73, 11, NULL, 4, 47, 0, TRUE, 1),
(74, 20, NULL, 13, 63, 7, TRUE, 1),
(75, 10, NULL, 19, 63, 4, TRUE, 1),
(76, 0, NULL, 36, 63, 6, TRUE, 1),
(77, 17, NULL, 7, 63, 5, TRUE, 0),
(78, 2, 1, 14, 28, 0, TRUE, 0),
(79, 10, 3, 5, 28, 5, TRUE, 0),
(80, 3, 3, 26, 28, 1, TRUE, 1),
(81, 0, 0, 31, 53, 0, FALSE, 0),
(82, 2, 1, 11, 53, 1, TRUE, 0),
(83, 13, 0, 17, 53, 1, TRUE, 1),
(84, 5, 2, 18, 69, 3, TRUE, 1),
(85, 0, 0, 17, 69, 5, TRUE, 0),
(86, 2, NULL, 25, 17, 6, TRUE, 0),
(87, 2, NULL, 20, 17, 1, TRUE, 0),
(88, 2, NULL, 14, 17, 2, TRUE, 0),
(89, 8, 3, 31, 55, 1, TRUE, 1),
(90, 8, 2, 11, 55, 3, TRUE, 1),
(91, 3, 3, 30, 55, 2, TRUE, 0),
(92, 7, 0, 31, 56, 1, TRUE, 0),
(93, 10, 2, 11, 56, 4, TRUE, 0),
(94, 2, 1, 30, 56, 5, TRUE, 1),
(95, 5, NULL, 24, 79, 0, TRUE, 1),
(96, 1, NULL, 3, 79, 6, TRUE, 0),
(97, 2, NULL, 4, 79, 9, TRUE, 0),
(98, 9, 0, 36, 40, 2, TRUE, 0),
(99, 5, 1, 3, 40, 2, TRUE, 1),
(100, 3, NULL, 24, 51, 3, TRUE, 1),
(101, 0, 0, 5, 51, 0, FALSE, 0),
(102, 0, 0, 2, 51, 0, FALSE, 0),
(103, 6, NULL, 32, 51, 3, TRUE, 0),
(104, 15, 2, 29, 74, 0, TRUE, 0),
(105, 11, 1, 22, 74, 2, TRUE, 1),
(106, 3, NULL, 4, 14, 1, TRUE, 0),
(107, 3, NULL, 8, 14, 7, TRUE, 1),
(108, 0, 0, 4, 30, 0, FALSE, 0),
(109, 2, 2, 3, 30, 2, TRUE, 0),
(110, 7, 2, 17, 30, 4, TRUE, 0),
(111, 15, 1, 39, 32, 4, TRUE, 1),
(112, 13, 0, 9, 32, 1, TRUE, 0),
(113, 10, 1, 33, 32, 0, TRUE, 0),
(114, 14, 1, 17, 54, 0, TRUE, 0),
(115, 11, 0, 11, 54, 0, TRUE, 1),
(116, 15, 3, 31, 54, 2, TRUE, 1),
(117, 1, NULL, 5, 49, 8, TRUE, 1),
(118, 15, NULL, 24, 49, 10, TRUE, 1),
(119, 10, NULL, 32, 49, 0, TRUE, 0),
(120, 11, NULL, 2, 49, 10, TRUE, 0),
(121, 0, 3, 13, 78, 5, TRUE, 1),
(122, 9, 3, 5, 78, 1, TRUE, 0),
(123, 9, 2, 19, 78, 4, TRUE, 0),
(124, 5, 0, 13, 76, 2, TRUE, 0),
(125, 15, 1, 19, 76, 4, TRUE, 1),
(126, 0, 0, 38, 76, 0, FALSE, 0),
(127, 15, 1, 5, 76, 2, TRUE, 1),
(128, NULL, 2, 5, 58, 0, TRUE, 0);

-- Free_Agent_Request: 50 rows
INSERT INTO Free_Agent_Request (id, status, player_id, league_id, request_date) VALUES
(1, 'Rejected', 22, 1, '2026-01-17 14:00:00'),
(2, 'Accepted', 16, 1, '2026-01-17 17:00:00'),
(3, 'Rejected', 39, 18, '2026-03-28 13:00:00'),
(4, 'Accepted', 17, 4, '2026-01-12 13:00:00'),
(5, 'Rejected', 9, 5, '2026-01-23 10:00:00'),
(6, 'Accepted', 11, 6, '2026-01-22 23:00:00'),
(7, 'Rejected', 27, 19, '2026-04-05 13:00:00'),
(8, 'Accepted', 18, 14, '2026-01-12 12:00:00'),
(9, 'Accepted', 2, 3, '2026-01-06 13:00:00'),
(10, 'Pending', 27, 25, '2025-08-16 06:00:00'),
(11, 'Accepted', 33, 15, '2026-01-18 01:00:00'),
(12, 'Pending', 38, 12, '2026-01-14 15:00:00'),
(13, 'Rejected', 28, 17, '2026-01-12 07:00:00'),
(14, 'Accepted', 17, 14, '2026-01-14 17:00:00'),
(15, 'Rejected', 5, 2, '2026-01-16 15:00:00'),
(16, 'Accepted', 21, 1, '2026-01-11 06:00:00'),
(17, 'Pending', 12, 11, '2026-01-07 22:00:00'),
(18, 'Rejected', 6, 7, '2026-01-09 13:00:00'),
(19, 'Accepted', 15, 12, '2026-01-13 20:00:00'),
(20, 'Accepted', 9, 21, '2026-03-26 12:00:00'),
(21, 'Rejected', 3, 13, '2026-01-20 11:00:00'),
(22, 'Rejected', 31, 11, '2026-01-09 20:00:00'),
(23, 'Rejected', 28, 16, '2026-01-18 06:00:00'),
(24, 'Pending', 11, 4, '2026-01-18 18:00:00'),
(25, 'Accepted', 36, 21, '2026-03-31 15:00:00'),
(26, 'Rejected', 24, 10, '2026-01-07 11:00:00'),
(27, 'Pending', 39, 22, '2026-03-31 10:00:00'),
(28, 'Rejected', 13, 20, '2026-04-01 02:00:00'),
(29, 'Pending', 18, 1, '2026-01-07 07:00:00'),
(30, 'Accepted', 16, 15, '2026-01-22 07:00:00'),
(31, 'Accepted', 16, 8, '2026-01-04 15:00:00'),
(32, 'Rejected', 10, 3, '2026-01-09 18:00:00'),
(33, 'Accepted', 27, 9, '2026-01-19 11:00:00'),
(34, 'Accepted', 17, 6, '2026-01-10 07:00:00'),
(35, 'Accepted', 17, 22, '2026-03-29 13:00:00'),
(36, 'Pending', 13, 18, '2026-04-03 13:00:00'),
(37, 'Accepted', 28, 1, '2026-01-17 11:00:00'),
(38, 'Accepted', 31, 10, '2026-01-16 23:00:00'),
(39, 'Rejected', 30, 8, '2026-01-17 06:00:00'),
(40, 'Accepted', 31, 5, '2026-01-24 03:00:00'),
(41, 'Accepted', 14, 30, '2025-01-12 01:00:00'),
(42, 'Rejected', 28, 11, '2026-01-04 16:00:00'),
(43, 'Accepted', 2, 10, '2026-01-17 07:00:00'),
(44, 'Accepted', 30, 6, '2026-01-14 06:00:00'),
(45, 'Accepted', 17, 4, '2026-01-18 19:00:00'),
(46, 'Rejected', 20, 17, '2026-01-10 04:00:00'),
(47, 'Accepted', 21, 4, '2026-01-09 13:00:00'),
(48, 'Accepted', 12, 8, '2026-01-06 19:00:00'),
(49, 'Pending', 8, 17, '2026-01-20 07:00:00'),
(50, 'Accepted', 31, 3, '2026-01-06 04:00:00');

SET FOREIGN_KEY_CHECKS = 1;